ふりがな,山名<山頂名>,都道府県,標高,緯度,経度
しれとこだけ,知床岳,北海道,1254,44度14分09秒,145度16分26秒
いおうざん,硫黄山,北海道,1562,44度08分00秒,145度09分41秒
ちえんべつだけ,知円別岳,北海道,1544,44度07分29秒,145度10分07秒
さしるいだけ,サシルイ岳,北海道,1564,44度05分43秒,145度08分37秒
らうすだけ,羅臼岳,北海道,1661,44度04分33秒,145度07分20秒
おんねべつだけ,遠音別岳,北海道,1330,43度59分36秒,145度00分48秒
うなべつだけ,海別岳,北海道,1419,43度52分37秒,144度52分36秒
しゃりだけ,斜里岳,北海道,1547,43度45分56秒,144度43分04秒
しべつだけ,標津岳,北海道,1061,43度40分05秒,144度42分18秒
もことやま,藻琴山,北海道,1000,43度42分16秒,144度19分52秒
あとさぬぷり（いおうざん）,アトサヌプリ（硫黄山）,北海道,508,43度36分37秒,144度26分19秒
かむいぬぷり（ましゅうだけ）,カムイヌプリ（摩周岳）,北海道,857,43度34分20秒,144度33分39秒
おあかんだけ,雄阿寒岳,北海道,1370,43度27分15秒,144度09分53秒
めあかんだけ,雌阿寒岳,北海道,1499,43度23分11秒,144度00分31秒
めあかんだけ<あかんふじ>,雌阿寒岳<阿寒富士>,北海道,1476,43度22分27秒,144度00分23秒
うこたきぬぷり,ウコタキヌプリ,北海道,747,43度12分30秒,143度47分51秒
れぶんだけ,礼文岳,北海道,490,45度22分21秒,141度00分57秒
りしりざん（りしりふじ）,利尻山（利尻富士）,北海道,1721,45度10分43秒,141度14分31秒
ぽろしりやま,幌尻山,北海道,427,45度09分56秒,142度00分31秒
ぱんけざん,パンケ山,北海道,632,44度51分25秒,142度08分59秒
ぽろぬぷりざん,ポロヌプリ山,北海道,841,44度57分42秒,142度25分13秒
びんねしりだけ,敏音知岳,北海道,703,44度53分35秒,142度14分04秒
はこだけ,函岳,北海道,1129,44度39分57秒,142度24分44秒
ぴやしりやま,ピヤシリ山,北海道,987,44度26分01秒,142度35分03秒
うつだけ,欝岳,北海道,818,44度17分30秒,143度04分57秒
うぇんしりだけ,ウェンシリ岳,北海道,1142,44度13分44秒,142度52分35秒
しょこつだけ,渚滑岳,北海道,1345,44度02分25秒,142度55分03秒
てしおだけ,天塩岳,北海道,1558,43度57分52秒,142度53分17秒
ちとかにうしやま,チトカニウシ山,北海道,1446,43度54分24秒,143度02分55秒
にころやま,仁頃山,北海道,829,43度52分42秒,143度43分06秒
にせいかうしゅっぺやま,ニセイカウシュッペ山,北海道,1883,43度46分48秒,142度59分07秒
むりいだけ,武利岳,北海道,1876,43度43分59秒,143度10分35秒
むかやま,武華山,北海道,1759,43度42分21秒,143度09分38秒
きたみふじ,北見富士,北海道,1291,43度41分37秒,143度17分45秒
たいせつざん<あさひだけ>,大雪山<旭岳>,北海道,2291,43度39分49秒,142度51分15秒
たいせつざん<くろだけ>,大雪山<黒岳>,北海道,1984,43度41分51秒,142度55分13秒
たいせつざん<ほくちんだけ>,大雪山<北鎮岳>,北海道,2244,43度41分34秒,142度52分47秒
たいせつざん<あいべつだけ>,大雪山<愛別岳>,北海道,2113,43度42分28秒,142度51分26秒
たいせつざん<はくうんだけ>,大雪山<白雲岳>,北海道,2230,43度39分40秒,142度54分21秒
ちゅうべつだけ,忠別岳,北海道,1963,43度35分28秒,142度53分40秒
とむらうしやま,トムラウシ山,北海道,2141,43度31分38秒,142度50分56秒
おぷたてしけやま,オプタテシケ山,北海道,2013,43度28分13秒,142度45分06秒
びえいだけ,美瑛岳,北海道,2052,43度26分24秒,142度42分24秒
とかちだけ,十勝岳,北海道,2077,43度25分04秒,142度41分11秒
かみほろかめっとくやま,上ホロカメットク山,北海道,1920,43度24分18秒,142度40分18秒
ふらのだけ,富良野岳,北海道,1912,43度23分37秒,142度38分06秒
みくにやま,三国山,北海道,1541,43度35分43秒,143度08分47秒
いしかりだけ,石狩岳,北海道,1967,43度32分48秒,143度01分20秒
おとふけやま,音更山,北海道,1932,43度33分42秒,143度02分07秒
にぺそつやま,ニペソツ山,北海道,2013,43度27分21秒,143度01分56秒
うぺぺさんけやま,ウペペサンケ山,北海道,1848,43度23分22秒,143度04分55秒
ひがしぬぷかうしぬぷり,東ヌプカウシヌプリ,北海道,1252,43度14分45秒,143度06分08秒
さほろだけ,佐幌岳,北海道,1060,43度10分24秒,142度46分52秒
にしくまねしりだけ,西クマネシリ岳,北海道,1635,43度31分09秒,143度14分00秒
ひがしみくにやま,東三国山,北海道,1230,43度30分30秒,143度27分49秒
きとうしやま,喜登牛山,北海道,1312,43度26分52秒,143度27分23秒
ぴっしりざん,ピッシリ山,北海道,1032,44度21分20秒,142度01分55秒
さんとうさん,三頭山,北海道,1009,44度05分30秒,142度05分09秒
ぽろしりやま,ポロシリ山,北海道,730,43度57分45秒,141度50分10秒
しょかんべつだけ,暑寒別岳,北海道,1492,43度42分57秒,141度31分23秒
くんべつだけ,群別岳,北海道,1376,43度41分05秒,141度29分16秒
ぴんねしり,ピンネシリ,北海道,1100,43度29分31秒,141度42分24秒
いるむけっぷやま,イルムケップ山,北海道,864,43度37分45秒,142度06分37秒
ふらのにしだけ,富良野西岳,北海道,1331,43度18分33秒,142度18分42秒
あしべつだけ,芦別岳,北海道,1726,43度14分09秒,142度17分01秒
いくしゅんべつだけ,幾春別岳,北海道,1068,43度13分37秒,142度09分34秒
ゆうばりだけ,夕張岳,北海道,1668,43度05分59秒,142度15分04秒
はったおまないだけ,ハッタオマナイ岳,北海道,1021,42度50分49秒,142度18分47秒
とまむさん,トマム山,北海道,1239,43度04分43秒,142度35分46秒
めむろだけ,芽室岳,北海道,1754,42度52分08秒,142度47分07秒
つるぎやま,剣山,北海道,1205,42度50分55秒,142度53分06秒
ちろろだけ,チロロ岳,北海道,1880,42度49分32秒,142度40分31秒
ぴぱいろだけ,ピパイロ岳,北海道,1916,42度46分23秒,142度43分39秒
とったべつだけ,戸蔦別岳,北海道,1959,42度44分19秒,142度41分42秒
ぽろしりだけ,幌尻岳,北海道,2052,42度43分10秒,142度40分58秒
えさおまんとったべつだけ,エサオマントッタベツ岳,北海道,1902,42度41分21秒,142度45分28秒
さつないだけ,札内岳,北海道,1895,42度41分38秒,142度47分48秒
とかちぽろしりだけ,十勝幌尻岳,北海道,1846,42度41分44秒,142度51分34秒
いどんなっぷだけ,イドンナップ岳,北海道,1752,42度37分49秒,142度38分55秒
かむいえくうちかうしやま,カムイエクウチカウシ山,北海道,1979,42度37分30秒,142度45分59秒
いっぱさんきゅうほう,１８３９峰,北海道,1842,42度32分22秒,142度48分29秒
ぺてがりだけ,ペテガリ岳,北海道,1736,42度29分58秒,142度52分16秒
なかのだけ,中ノ岳,北海道,1519,42度28分05秒,142度53分04秒
かむいだけ,神威岳,北海道,1600,42度25分42秒,142度54分25秒
ぴりかぬぷり,ピリカヌプリ,北海道,1631,42度24分08秒,142度58分00秒
らっこだけ,楽古岳,北海道,1471,42度16分21秒,143度06分40秒
とよにだけ,豊似岳,北海道,1105,42度04分37秒,143度13分59秒
あぽいだけ,アポイ岳,北海道,810,42度06分28秒,143度01分32秒
もいわやま,藻岩山,北海道,531,43度01分21秒,141度19分20秒
ていねやま,手稲山,北海道,1023,43度04分36秒,141度11分33秒
よいちだけ,余市岳,北海道,1488,43度01分58秒,141度01分11秒
ぽんくとさん,本倶登山,北海道,1009,42度57分19秒,140度54分45秒
むいねやま,無意根山,北海道,1464,42度55分51秒,141度02分26秒
さっぽろだけ,札幌岳,北海道,1293,42度54分01秒,141度12分02秒
そらぬまだけ,空沼岳,北海道,1251,42度51分54秒,141度15分13秒
えにわだけ,恵庭岳,北海道,1320,42度47分36秒,141度17分07秒
ふっぷしだけ,風不死岳,北海道,1102,42度43分01秒,141度21分32秒
たるまえさん,樽前山,北海道,1041,42度41分26秒,141度22分36秒
ほろほろやま,ホロホロ山,北海道,1322,42度38分01秒,141度08分33秒
よべつだけ,余別岳,北海道,1298,43度15分36秒,140度27分33秒
てんぐだけ,天狗岳,北海道,872,43度11分05秒,140度39分39秒
らいでんやま,雷電山,北海道,1211,42度54分13秒,140度28分11秒
めくんないだけ,目国内岳,北海道,1220,42度53分59秒,140度30分55秒
にせこあんぬぷり,ニセコアンヌプリ,北海道,1308,42度52分30秒,140度39分32秒
ようていざん（えぞふじ）,羊蹄山（蝦夷富士）,北海道,1898,42度49分36秒,140度48分41秒
しりべつだけ,尻別岳,北海道,1107,42度46分21秒,140度54分37秒
ぬっきべつやま,貫気別山,北海道,994,42度42分36秒,140度55分22秒
こんぶだけ,昆布岳,北海道,1045,42度42分37秒,140度39分20秒
しょうわしんざん,昭和新山,北海道,398,42度32分33秒,140度51分52秒
うすざん<おおうす>,有珠山<大有珠>,北海道,733,42度32分38秒,140度50分21秒
ほろづきやま,母衣月山,北海道,504,42度46分12秒,140度12分54秒
おおびらやま,大平山,北海道,1191,42度38分09秒,140度08分08秒
かりばやま,狩場山,北海道,1520,42度36分48秒,139度56分26秒
けなしやま,毛無山,北海道,816,42度17分43秒,139度48分38秒
ゆうらっぷだけ（けんいちだけ）,遊楽部岳（見市岳）,北海道,1277,42度13分09秒,140度00分38秒
おとべだけ,乙部岳,北海道,1017,42度02分22秒,140度16分29秒
こまがたけ<けんがみね>,駒ヶ岳<剣ヶ峯>,北海道,1131,42度03分48秒,140度40分38秒
よこつだけ,横津岳,北海道,1167,41度56分16秒,140度46分17秒
えさん,恵山,北海道,618,41度48分17秒,141度09分58秒
はこだてやま,函館山,北海道,334,41度45分32秒,140度42分15秒
はちまんだけ,八幡岳,北海道,665,41度51分07秒,140度13分48秒
かつらだけ,桂岳,北海道,734,41度47分21秒,140度27分52秒
ななつだけ,七ッ岳,北海道,957,41度37分27秒,140度12分51秒
だいせんげんだけ,大千軒岳,北海道,1072,41度34分46秒,140度09分39秒
いわべだけ,岩部岳,北海道,794,41度31分38秒,140度18分39秒
かむいやま,神威山,北海道,584,42度09分37秒,139度26分34秒
えらだけ,江良岳,北海道,732,41度30分36秒,139度22分02秒
ひうちだけ,燧岳,青森県,781,41度26分21秒,141度03分11秒
かまふせやま,釜臥山,青森県,878,41度16分43秒,141度07分12秒
くわはたやま,桑畑山,青森県,400,41度23分15秒,141度26分27秒
ふっこしえぼし,吹越烏帽子,青森県,508,41度02分15秒,141度19分02秒
まるやがただけ,丸屋形岳,青森県,718,41度09分10秒,140度35分12秒
よつだきやま,四ッ滝山,青森県,670,41度07分18秒,140度24分02秒
ぼんじゅさん,梵珠山,青森県,468,40度47分59秒,140度34分32秒
はしかみだけ（たねいちだけ）,階上岳（種市岳）,青森県 岩手県,739,40度24分03秒,141度35分04秒
なくいだけ,名久井岳,青森県,615,40度23分17秒,141度18分30秒
おりつめだけ,折爪岳,岩手県,852,40度16分08秒,141度22分28秒
あっかもり,安家森,岩手県,1239,40度02分17秒,141度32分28秒
とおしまやま,遠島山,岩手県,1262,40度01分14秒,141度38分39秒
みすごだけ,三巣子岳,岩手県,1181,39度54分00秒,141度29分08秒
ひめかみさん,姫神山,岩手県,1124,39度50分39秒,141度14分49秒
さかいのかみだけ,堺ノ神岳,岩手県,1319,39度45分01秒,141度37分35秒
がいたかもり,害鷹森,岩手県,1304,39度42分42秒,141度36分16秒
あおまつばやま,青松葉山,岩手県,1365,39度41分51秒,141度29分01秒
とうげのかみやま,峠ノ神山,岩手県,1229,39度43分37秒,141度46分52秒
はやちねさん,早池峰山,岩手県,1917,39度33分31秒,141度29分19秒
やくしだけ,薬師岳,岩手県,1645,39度31分48秒,141度29分45秒
じゅうにしんざん,十二神山,岩手県,731,39度32分19秒,141度58分30秒
ろっこうしさん,六角牛山,岩手県,1293,39度19分06秒,141度39分01秒
ごようざん,五葉山,岩手県,1351,39度12分19秒,141度43分56秒
ものみやま,物見山,岩手県,870,39度12分04秒,141度24分06秒
ひかみさん,氷上山,岩手県,874,39度03分32秒,141度39分38秒
むろねさん,室根山,岩手県,895,38度58分31秒,141度26分50秒
とくせんじょうやま,徳仙丈山,宮城県,710,38度50分54秒,141度28分12秒
きんかさん,金華山,宮城県,444,38度17分43秒,141度34分00秒
はっこうださん<おおだけ>,八甲田山<大岳>,青森県,1585,40度39分32秒,140度52分38秒
はっこうださん<たかだおおだけ>,八甲田山<高田大岳>,青森県,1559,40度39分11秒,140度54分26秒
くしがみね（かみだけ）,櫛ヶ峯（上岳）,青森県,1517,40度36分11秒,140度50分33秒
へらいだけ<みつだけ>,戸来岳<三ッ岳>,青森県,1159,40度27分11秒,141度00分05秒
しろじやま,白地山,秋田県,1034,40度26分50秒,140度47分17秒
なかだけ,中岳,秋田県 岩手県,1024,40度14分46秒,140度56分40秒
いなにわだけ,稲庭岳,岩手県,1078,40度11分55秒,141度02分46秒
ごのみやだけ,五ノ宮嶽,秋田県,1115,40度08分45秒,140度50分45秒
ななしぐれやま,七時雨山,岩手県,1063,40度04分09秒,141度06分20秒
もりよしざん,森吉山,秋田県,1454,39度58分36秒,140度32分39秒
やけやま,焼山,秋田県,1366,39度57分50秒,140度45分25秒
はちまんたい,八幡平,岩手県,1613,39度57分28秒,140度51分15秒
はちまんたい<ちゃうすだけ>,八幡平<茶臼岳>,岩手県,1578,39度57分03秒,140度53分56秒
はちまんたい<もっこだけ>,八幡平<畚岳>,秋田県,1578,39度56分09秒,140度51分02秒
おおふかだけ,大深岳,岩手県 秋田県,1541,39度52分52秒,140度52分47秒
いわてさん,岩手山,岩手県,2038,39度51分09秒,141度00分04秒
えぼしだけ（にゅうとうざん）,烏帽子岳（乳頭山）,岩手県 秋田県,1478,39度48分18秒,140度50分19秒
こまがたけ<おなめだけ>,駒ヶ岳<男女岳>,秋田県,1637,39度45分40秒,140度47分58秒
いわきさん,岩木山,青森県,1625,40度39分21秒,140度18分11秒
むかいしらかみだけ,向白神岳,青森県,1250,40度31分26秒,140度02分44秒
しらかみだけ,白神岳,青森県,1235,40度30分27秒,140度01分06秒
ふたつもり,二ッ森,青森県 秋田県,1086,40度26分06秒,140度07分04秒
こまがたけ,駒ヶ岳,秋田県,1158,40度24分46秒,140度15分04秒
たしろだけ,田代岳,秋田県,1178,40度25分43秒,140度24分32秒
ぼうじゅうさん,房住山,秋田県,409,40度03分38秒,140度12分58秒
たいへいざん,太平山,秋田県,1170,39度47分49秒,140度18分38秒
だいぶつだけ,大仏岳,秋田県,1167,39度48分49秒,140度30分56秒
とうこうさん,東光山,秋田県,594,39度24分23秒,140度09分42秒
やしおやま,八塩山,秋田県,713,39度14分12秒,140度13分40秒
ちょうかいざん<しんざん>,鳥海山<新山>,山形県,2236,39度05分57秒,140度02分56秒
ひのとだけ,丁岳,秋田県 山形県,1146,39度01分55秒,140度13分10秒
こしきやま<おとここしきやま>,甑山<男甑山>,山形県,981,39度00分43秒,140度18分38秒
[かぶやま]<おかぶやま>,[加無山]<男加無山>,山形県,997,39度00分34秒,140度15分37秒
かんぷうざん,寒風山,秋田県,355,39度56分01秒,139度52分31秒
ほんざん,本山,秋田県,715,39度54分25秒,139度45分14秒
あずまねやま,東根山,岩手県,928,39度35分15秒,141度03分35秒
わがだけ,和賀岳,岩手県 秋田県,1439,39度34分13秒,140度45分15秒
まひるだけ,真昼岳,岩手県 秋田県,1059,39度26分52秒,140度40分36秒
くろもり,黒森,岩手県,944,39度20分54秒,140度52分06秒
やけいしだけ,焼石岳,岩手県,1547,39度09分49秒,140度49分44秒
くりこまやま,栗駒山,岩手県 宮城県,1626,38度57分39秒,140度47分18秒
たかまつだけ,高松岳,秋田県,1348,38度58分03秒,140度36分23秒
とらげさん,虎毛山,秋田県,1433,38度54分17秒,140度37分08秒
あらおだけ,荒雄岳,宮城県,984,38度49分59秒,140度41分30秒
かむろさん,神室山,秋田県 山形県,1365,38度54分08秒,140度29分32秒
ひうちだけ,火打岳,山形県,1238,38度50分25秒,140度26分55秒
もくぞうやま,杢蔵山,山形県,1026,38度47分22秒,140度24分05秒
かむろだけ（こかぶらやま）,禿岳（小鏑山）,山形県 宮城県,1261,38度48分39秒,140度35分42秒
ののだけやま,箟岳山,宮城県,236,38度33分57秒,141度10分43秒
おおたかもり,大高森,宮城県,105,38度20分26秒,141度09分09秒
おきなさん,翁山,山形県,1075,38度39分03秒,140度32分41秒
やくらいさん,,宮城県,553,38度34分32秒,140度42分19秒
ふながたやま（ごしょざん）,船形山（御所山）,宮城県 山形県,1500,38度27分20秒,140度37分12秒
いずみがたけ,泉ヶ岳,宮城県,1175,38度24分43秒,140度42分32秒
たいはくさん,太白山,宮城県,321,38度14分06秒,140度48分08秒
だいとうだけ,大東岳,宮城県,1365,38度18分08秒,140度31分25秒
ざおうざん（ざおうさん）<くまのだけ>,蔵王山<熊野岳>,山形県,1841,38度08分37秒,140度26分24秒
ざおうざん（ざおうさん）<かっただけ>,蔵王山<刈田岳>,宮城県,1758,38度07分40秒,140度26分53秒
ざおうざん（ざおうさん）<びょうぶだけ>,蔵王山<>,宮城県,1825,38度05分45秒,140度28分34秒
ざおうざん（ざおうさん）<ふぼうさん（ごぜんだけ）>,蔵王山<不忘山（御前岳）>,宮城県,1705,38度04分32秒,140度28分44秒
あおそやま,青麻山,宮城県,799,38度05分05秒,140度36分27秒
くりこやま,栗子山,福島県 山形県,1217,37度52分28秒,140度16分12秒
しのぶやま,信夫山,福島県,275,37度46分15秒,140度27分42秒
にしあづまやま,西吾妻山,福島県 山形県,2035,37度44分18秒,140度08分27秒
にしあづまやま<にしだいてん>,西吾妻山<西大巓>,山形県 福島県,1982,37度44分02秒,140度07分40秒
にしあづまやま<ひがしだいてん>,西吾妻山<東大巓>,福島県 山形県,1928,37度45分16秒,140度11分20秒
ひがしあづまやま,東吾妻山,福島県,1975,37度42分42秒,140度13分49秒
ひがしあづまやま<いっさいきょうざん>,東吾妻山<一切経山>,福島県,1949,37度44分07秒,140度14分40秒
ひがしあづまやま<あづまこふじ>,東吾妻山<吾妻小富士>,福島県,1707,37度43分20秒,140度15分49秒
みのわやま,箕輪山,福島県,1728,37度38分50秒,140度16分51秒
あだたらやま<てつざん>,安達太良山<鉄山>,福島県,1709,37度37分59秒,140度16分59秒
あだたらやま,安達太良山,福島県,1700,37度37分16秒,140度17分16秒
ばんだいさん,磐梯山,福島県,1816,37度36分04秒,140度04分20秒
たかだてやま,高館山,山形県,273,38度45分47秒,139度44分51秒
きんぼうざん,金峯山,山形県,471,38度40分56秒,139度47分53秒
はぐろさん,羽黒山,山形県,414,38度42分09秒,139度58分58秒
がっさん,月山,山形県,1984,38度32分56秒,140度01分37秒
はやま,葉山,山形県,1462,38度31分45秒,140度12分38秒
あつみだけ,温海岳,山形県,736,38度37分12秒,139度37分51秒
まやさん,摩耶山,山形県,1020,38度31分13秒,139度43分40秒
いとうだけ,以東岳,山形県 新潟県,1772,38度20分35秒,139度50分57秒
あさひだけ<おおあさひだけ>,朝日岳<大朝日岳>,山形県,1871,38度15分38秒,139度55分20秒
いわいがめやま,祝瓶山,山形県,1417,38度11分51秒,139度52分47秒
わしがすやま,鷲ヶ巣山,新潟県,1093,38度13分19秒,139度40分08秒
しんぼだけ,新保岳,新潟県,852,38度21分40秒,139度30分39秒
しらたかやま,白鷹山,山形県,994,38度13分22秒,140度10分23秒
えぶりさしだけ,,新潟県,1636,37度56分33秒,139度36分32秒
きたまただけ,北股岳,新潟県 山形県,2025,37度52分48秒,139度38分19秒
いいでさん,飯豊山,福島県,2105,37度51分17秒,139度42分26秒
だいにちだけ,大日岳,新潟県,2128,37度49分58秒,139度39分37秒
にのうじだけ,二王子岳,新潟県,1420,37度53分59秒,139度29分57秒
ごずさん,五頭山,新潟県,912,37度48分04秒,139度20分44秒
こうようざん,高陽山,福島県 新潟県,1126,37度43分45秒,139度38分59秒
いいもりさん,飯森山,山形県 福島県,1595,37度48分50秒,139度55分32秒
りょうぜん,霊山,福島県,825,37度46分08秒,140度41分15秒
ひやま（てんのうざん）,日山（天王山）,福島県,1057,37度32分35秒,140度41分01秒
かまくらだけ,鎌倉岳,福島県,967,37度28分01秒,140度41分20秒
おおたきねやま,大滝根山,福島県,1192,37度21分18秒,140度42分06秒
きっとやさん,屹兎屋山,福島県,875,37度12分38秒,140度52分03秒
よもぎだだけ,蓬田岳,福島県,952,37度15分57秒,140度32分05秒
さんだいみょうじんやま,三大明神山,福島県,706,37度03分07秒,140度45分45秒
たつわれさん,竪破山,茨城県,658,36度42分39秒,140度33分44秒
なんたいさん,男体山,茨城県,654,36度43分27秒,140度25分11秒
たかすずやま,高鈴山,茨城県,623,36度37分16秒,140度35分16秒
やみぞさん,八溝山,茨城県 福島県,1022,36度55分49秒,140度16分23秒
わがくにさん,吾国山,茨城県,518,36度19分19秒,140度12分04秒
かばさん,加波山,茨城県,709,36度17分56秒,140度08分37秒
つくばさん,筑波山,茨城県,877,36度13分31秒,140度06分24秒
さんぼんやりだけ,三本槍岳,福島県 栃木県,1917,37度09分01秒,139度57分41秒
なすだけ<ちゃうすだけ>,那須岳<茶臼岳>,栃木県,1915,37度07分29秒,139度57分47秒
おがたけ,男鹿岳,福島県 栃木県,1777,37度05分07秒,139度49分19秒
おおさびやま,大佐飛山,栃木県,1908,37度03分49秒,139度50分40秒
たかはらやま<しゃかがだけ>,高原山<釈迦ヶ岳>,栃木県,1795,36度54分00秒,139度46分36秒
にょほうさん,女峰山,栃木県,2483,36度48分41秒,139度32分11秒
にょほうさん<おおまなごさん>,女峰山<大真名子山>,栃木県,2376,36度47分43秒,139度30分26秒
にょほうさん<こまなごさん>,女峰山<小真名子山>,栃木県,2323,36度48分26秒,139度30分39秒
たろうさん,太郎山,栃木県,2368,36度49分04秒,139度28分58秒
なんたいさん,男体山,栃木県,2486,36度45分54秒,139度29分27秒
しらねさん,白根山,群馬県 栃木県,2578,36度47分55秒,139度22分33秒
すかいさん,皇海山,栃木県 群馬県,2144,36度41分24秒,139度20分13秒
こうしんざん,庚申山,栃木県,1892,36度40分23秒,139度21分40秒
けさまるやま,袈裟丸山,栃木県 群馬県,1961,36度38分58秒,139度19分38秒
よこねやま,横根山,栃木県,1373,36度37分11秒,139度31分20秒
あかぎさん<くろびさん>,赤城山<黒檜山>,群馬県,1828,36度33分37秒,139度11分36秒
あかぎさん<じぞうだけ>,赤城山<地蔵岳>,群馬県,1674,36度32分28秒,139度10分38秒
はかせやま,博士山,福島県,1482,37度21分47秒,139度42分53秒
おのだけ,小野岳,福島県,1383,37度19分33秒,139度53分12秒
ななつがたけ<いちばんだけ>,七ヶ岳<一番岳>,福島県,1636,37度07分27秒,139度39分27秒
あらかいざん（たろうだけ）,荒海山（太郎岳）,福島県 栃木県,1581,37度02分10秒,139度38分37秒
たしろやま,田代山,福島県,1971,36度58分28秒,139度28分42秒
たいしゃくざん,帝釈山,福島県 栃木県,2060,36度58分11秒,139度27分36秒
くろいわやま,黒岩山,栃木県 群馬県,2163,36度54分32秒,139度23分37秒
きぬぬまやま,鬼怒沼山,栃木県 群馬県,2141,36度52分58秒,139度22分18秒
あさひだけ,朝日岳,福島県,1624,37度13分16秒,139度20分23秒
まるやまだけ,丸山岳,福島県,1820,37度10分22秒,139度20分05秒
こまがたけ,駒ヶ岳,福島県,2133,37度02分51秒,139度21分13秒
ひらがたけ,平ヶ岳,群馬県 新潟県,2141,37度00分07秒,139度10分15秒
けいづるやま,景鶴山,群馬県 新潟県,2004,36度57分25秒,139度12分38秒
ひうちがたけ<しばやすぐら>,燧ヶ岳<>,福島県,2356,36度57分18秒,139度17分07秒
しぶつさん,至仏山,群馬県,2228,36度54分13秒,139度10分24秒
ほたかやま,武尊山,群馬県,2158,36度48分19秒,139度07分57秒
みかぐらだけ,御神楽岳,新潟県,1386,37度31分19秒,139度25分33秒
あわがたけ,粟ヶ岳,新潟県,1293,37度33分19秒,139度11分19秒
やはずだけ,矢筈岳,新潟県,1257,37度30分45秒,139度15分58秒
すもんだけ,守門岳,新潟県,1537,37度23分52秒,139度08分12秒
あさくさだけ,浅草岳,新潟県 福島県,1585,37度20分37秒,139度14分01秒
けもうやま,毛猛山,福島県 新潟県,1517,37度15分24秒,139度10分31秒
みじょうがたけ,未丈ヶ岳,新潟県,1553,37度11分00秒,139度11分22秒
こまがたけ,駒ヶ岳,新潟県,2003,37度07分25秒,139度04分31秒
はっかいさん<にゅうどうだけ>,八海山<入道岳>,新潟県,1778,37度06分14秒,139度01分29秒
なかのだけ,中ノ岳,新潟県,2085,37度05分07秒,139度04分39秒
あらさわだけ,荒沢岳,新潟県,1969,37度06分02秒,139度08分53秒
しもつごうやま,下津川山,新潟県 群馬県,1928,36度59分41秒,139度03分00秒
まきはたやま,巻機山,群馬県 新潟県,1967,36度58分43秒,138度57分51秒
だいげんたさん,大源太山,新潟県,1598,36度54分09秒,138度55分37秒
あさひだけ,朝日岳,群馬県,1945,36度52分50秒,138度58分21秒
あさひだけ<しらがもん>,朝日岳<白毛門>,群馬県,1720,36度51分35秒,138度58分02秒
たにがわだけ<しげくらだけ>,谷川岳<茂倉岳>,群馬県 新潟県,1978,36度50分57秒,138度55分00秒
たにがわだけ<いちのくらだけ>,谷川岳<一ノ倉岳>,群馬県 新潟県,1974,36度50分50秒,138度55分28秒
たにがわだけ<おきのみみ>,谷川岳<オキノ耳>,群馬県 新潟県,1977,36度50分14秒,138度55分48秒
まんたろうさん,万太郎山,群馬県 新潟県,1954,36度49分27秒,138度52分45秒
せんのくらやま,仙ノ倉山,群馬県 新潟県,2026,36度49分03秒,138度50分22秒
あづまやさん,吾妻耶山,群馬県,1341,36度44分47秒,138度55分38秒
なえばさん,苗場山,新潟県 長野県,2145,36度50分45秒,138度41分25秒
さぶりゅうやま,佐武流山,新潟県 長野県,2192,36度46分20秒,138度40分14秒
しらすなやま,白砂山,群馬県 長野県,2140,36度44分17秒,138度41分37秒
とりかぶとやま,鳥甲山,長野県,2038,36度50分21秒,138度35分02秒
こうしゃさん（たかいふじ）,高社山（高井富士）,長野県,1351,36度47分57秒,138度24分14秒
いわすげやま<うらいわすげやま>,岩菅山<裏岩菅山>,長野県,2341,36度45分10秒,138度34分05秒
いわすげやま,岩菅山,長野県,2295,36度44分31秒,138度33分34秒
しがやま,志賀山,長野県,2037,36度42分01秒,138度30分57秒
かさがたけ,笠ヶ岳,長野県,2076,36度40分36秒,138度28分53秒
よこてやま,横手山,群馬県 長野県,2307,36度40分08秒,138度31分33秒
しらねさん,白根山,群馬県,2160,36度38分38秒,138度31分40秒
もとしらねさん,本白根山,群馬県,2171,36度37分22秒,138度31分55秒
あずまやさん,四阿山,長野県 群馬県,2354,36度32分30秒,138度24分47秒
あずまやさん<ねこだけ>,四阿山<根子岳>,長野県,2207,36度32分57秒,138度23分43秒
ゆのまるやま,湯ノ丸山,長野県 群馬県,2101,36度26分05秒,138度24分04秒
かごのとやま<ひがしかごのとやま>,篭ノ登山<東篭ノ登山>,長野県 群馬県,2228,36度25分10秒,138度26分50秒
あさまやま,浅間山,群馬県 長野県,2568,36度24分24秒,138度31分23秒
あさまかくしやま,浅間隠山,群馬県,1757,36度27分13秒,138度39分09秒
はなまがりやま,鼻曲山,群馬県,1655,36度24分39秒,138度38分44秒
はるなさん<かもんがたけ>,榛名山<掃部ヶ岳>,群馬県,1449,36度28分39秒,138度51分03秒
こもちやま,子持山,群馬県,1296,36度35分31秒,138度59分52秒
みょうぎさん<そうまだけ>,妙義山<相馬岳>,群馬県,1104,36度17分55秒,138度44分56秒
あらふねやま,荒船山,群馬県 長野県,1423,36度12分14秒,138度38分14秒
あかぐなやま,赤久縄山,群馬県,1523,36度08分37秒,138度50分36秒
みかぼやま<にしみかぼやま>,御荷鉾山<西御荷鉾山>,群馬県,1287,36度09分08秒,138度55分06秒
ふたごやま,二子山,埼玉県,1166,36度04分11秒,138度51分49秒
りょうかみさん,両神山,埼玉県,1723,36度01分24秒,138度50分29秒
おぐらさん,御座山,長野県,2112,36度02分02秒,138度36分24秒
さんぽうやま,三宝山,埼玉県 長野県,2483,35度55分03秒,138度43分40秒
こぶしがたけ,甲武信ヶ岳,埼玉県 山梨県 長野県,2475,35度54分32秒,138度43分44秒
よこおやま,横尾山,山梨県 長野県,1818,35度55分08秒,138度31分16秒
みずがきやま,瑞牆山,山梨県,2230,35度53分36秒,138度35分31秒
きんぷさん,金峰山,山梨県 長野県,2599,35度52分17秒,138度37分31秒
あさひだけ,朝日岳,山梨県 長野県,2579,35度52分28秒,138度38分33秒
こくしがたけ,国師ヶ岳,山梨県 長野県,2592,35度52分15秒,138度40分23秒
きたおくせんじょうだけ,北奥千丈岳,山梨県,2601,35度52分07秒,138度40分15秒
けんとくさん,乾徳山,山梨県,2031,35度49分23秒,138度42分54秒
こならやま,小楢山,山梨県,1713,35度46分54秒,138度39分51秒
かやがたけ,茅ヶ岳,山梨県,1704,35度47分42秒,138度30分50秒
どうだいらさん,堂平山,埼玉県,876,36度00分21秒,139度11分24秒
ぶこうさん,武甲山,埼玉県,1304,35度57分06秒,139度05分52秒
いずがたけ,伊豆ヶ岳,埼玉県,851,35度55分37秒,139度09分38秒
かわのりやま,川乗山,東京都,1363,35度51分03秒,139度06分25秒
とりだにやま,酉谷山,埼玉県 東京都,1718,35度53分50秒,139度00分37秒
くもとりやま,雲取山,埼玉県 東京都,2017,35度51分20秒,138度56分38秒
はくせきさん,白石山,埼玉県,2036,35度53分58秒,138度52分41秒
からまつおやま,唐松尾山,埼玉県 山梨県,2109,35度52分04秒,138度50分43秒
おおぼらやま（ひりゅうやま）,大洞山（飛龍山）,埼玉県 山梨県,2077,35度50分24秒,138度53分32秒
けいかんやま（くろかわやま）,鶏冠山（黒川山）,山梨県,1716,35度47分19秒,138度50分09秒
だいぼさつれい,大菩薩嶺,山梨県,2057,35度44分56秒,138度50分44秒
こがねざわやま,小金沢山,山梨県,2014,35度43分01秒,138度51分24秒
がんがはらすりやま,雁ケ腹摺山,山梨県,1874,35度41分13秒,138度53分06秒
ごんげんやま,権現山,山梨県,1312,35度40分04秒,139度01分17秒
ごんげんやま<おうぎやま>,権現山<扇山>,山梨県,1138,35度38分14秒,139度00分50秒
みとうさん,三頭山,東京都,1531,35度44分21秒,139度00分50秒
おおだけさん,大岳山,東京都,1266,35度45分55秒,139度07分49秒
じんばさん（じんばさん）,陣馬山（陣場山）,東京都 神奈川県,855,35度39分08秒,139度10分00秒
たかおさん,高尾山,東京都,599,35度37分31秒,139度14分37秒
きよすみやま<みょうけんやま>,清澄山<妙見山>,千葉県,377,35度09分45秒,140度09分08秒
かのうざん,鹿野山,千葉県,379,35度15分20秒,139度58分18秒
のこぎりやま,鋸山,千葉県,329,35度09分37秒,139度50分27秒
とみさん,富山,千葉県,349,35度05分56秒,139度52分53秒
いよがたけ,伊予ヶ岳,千葉県,336,35度06分26秒,139度54分50秒
あたごやま,愛宕山,千葉県,408,35度06分54秒,139度59分13秒
おおやま,大山,千葉県,193,34度57分51秒,139度46分40秒
おおぐすやま,大楠山,神奈川県,241,35度15分00秒,139度37分41秒
おおやま,大山,神奈川県,1252,35度26分27秒,139度13分53秒
たんざわさん<ひるがたけ>,丹沢山<蛭ヶ岳>,神奈川県,1673,35度29分11秒,139度08分20秒
たんざわさん,丹沢山,神奈川県,1567,35度28分27秒,139度09分46秒
たんざわさん<とうのだけ(とうがたけ)>,丹沢山<塔ノ岳（塔ヶ岳）>,神奈川県,1491,35度27分15秒,139度09分48秒
おおむろやま,大室山,神奈川県 山梨県,1587,35度30分39秒,139度04分07秒
みしょうたいやま,御正体山,山梨県,1681,35度29分13秒,138度55分54秒
こもつるしやま,菰釣山,神奈川県 山梨県,1379,35度27分50秒,138度58分43秒
みつとうげやま,三ッ峠山,山梨県,1785,35度32分57秒,138度48分33秒
くろたけ,黒岳,山梨県,1793,35度33分07秒,138度44分58秒
くろたけ<しゃかがたけ>,黒岳<釈迦ヶ岳>,山梨県,1641,35度33分47秒,138度43分13秒
せっとうがたけ,節刀ヶ岳,山梨県,1736,35度31分43秒,138度41分00秒
ふじさん<けんがみね>,富士山<剣ヶ峯>,山梨県 静岡県,3776,35度21分39秒,138度43分39秒
あしたかやま<えちぜんだけ>,愛鷹山<越前岳>,静岡県,1504,35度14分17秒,138度47分38秒
けなしやま,毛無山,山梨県 静岡県,1964,35度24分57秒,138度32分38秒
てんしがたけ,天子ヶ岳,静岡県,1330,35度19分45秒,138度32分12秒
はこねやま<かみやま>,箱根山<神山>,神奈川県,1438,35度14分00秒,139度01分15秒
はこねやま<きんときざん>,箱根山<金時山>,静岡県 神奈川県,1212,35度17分23秒,139度00分18秒
くろたけ,玄岳,静岡県,798,35度04分54秒,139度01分41秒
おおむろやま,大室山,静岡県,580,34度54分11秒,139度05分41秒
あまぎさん<ばんざぶろうだけ>,天城山<万三郎岳>,静岡県,1406,34度51分46秒,139度00分06秒
だるまやま,達磨山,静岡県,982,34度57分18秒,138度50分21秒
ちょうくろうやま,長九郎山,静岡県,996,34度47分18秒,138度52分05秒
みはらやま<みはらしんざん>,三原山<三原新山>,東京都,758,34度43分28秒,139度23分40秒
みやつかやま,宮塚山,東京都,508,34度31分13秒,139度16分45秒
てんじょうさん,天上山,東京都,572,34度13分10秒,139度09分11秒
おやま,雄山,東京都,775,34度05分37秒,139度31分34秒
おやま,御山,東京都,851,33度52分28秒,139度36分07秒
にしやま（はちじょうふじ）,西山（八丈富士）,東京都,854,33度08分13秒,139度45分58秒
いおうやま,硫黄山,東京都,394,30度29分02秒,140度18分11秒
ちゅうおうざん,中央山,東京都,320,27度04分24秒,142度13分07秒
ちぶさやま,乳房山,東京都,463,26度39分34秒,142度09分41秒
さかきがみね,榊ヶ峰,東京都,792,25度25分41秒,141度16分51秒
すりばちやま（ぱいぷやま）,摺鉢山（パイプ山）,東京都,170,24度45分02秒,141度17分21秒
[みなみいおうとう],[南硫黄島],東京都,916,24度14分02秒,141度27分48秒
きんぽくさん,金北山,新潟県,1172,38度06分14秒,138度20分59秒
おおじやま,大地山,新潟県,646,37度57分31秒,138度28分47秒
やひこやま,弥彦山,新潟県,634,37度42分17秒,138度48分32秒
よねやま,米山,新潟県,993,37度17分22秒,138度29分02秒
くろひめさん,黒姫山,新潟県,891,37度13分34秒,138度35分32秒
ひしがたけ,菱ヶ岳,新潟県,1129,37度01分56秒,138度29分36秒
まだらおやま,斑尾山,長野県,1382,36度50分15秒,138度16分28秒
ほこがたけ,鉾ヶ岳,新潟県,1316,37度01分43秒,138度01分35秒
こまがたけ,駒ヶ岳,新潟県,1498,36度56分34秒,137度56分54秒
のこぎりだけ,鋸岳,新潟県,1631,36度55分55秒,137度58分08秒
やけやま,焼山,新潟県,2400,36度55分15秒,138度02分09秒
あまかざりやま,雨飾山,新潟県 長野県,1963,36度54分07秒,137度57分45秒
ひうちやま,火打山,新潟県,2462,36度55分22秒,138度04分05秒
みょうこうさん,妙高山,新潟県,2454,36度53分29秒,138度06分48秒
くろひめやま,黒姫山,長野県,2053,36度48分48秒,138度07分38秒
たかつまやま,高妻山,新潟県 長野県,2353,36度48分00秒,138度03分07秒
とがくしやま,戸隠山,長野県,1904,36度46分13秒,138度03分18秒
いいづなやま（いいづなやま）,飯縄山（飯綱山）,長野県,1917,36度44分22秒,138度08分01秒
むしくらやま,虫倉山,長野県,1378,36度38分59秒,138度01分09秒
ひじりやま,聖山,長野県,1447,36度29分03秒,138度01分17秒
かむりきやま（おばすてやま）,冠着山（姨捨山）,長野県,1252,36度28分08秒,138度06分24秒
うつくしがはら<おうがとう>,美ヶ原<王ヶ頭>,長野県,2034,36度13分33秒,138度06分27秒
はちぶせやま,鉢伏山,長野県,1929,36度09分47秒,138度03分33秒
きりがみね<くるまやま>,霧ヶ峰<車山>,長野県,1925,36度06分11秒,138度11分48秒
たてしなやま,蓼科山,長野県,2531,36度06分13秒,138度17分42秒
よこだけ,横岳,長野県,2480,36度05分15秒,138度19分12秒
しまがれやま,縞枯山,長野県,2403,36度04分32秒,138度19分52秒
てんぐだけ,天狗岳,長野県,2646,36度01分09秒,138度21分20秒
みねのまつめ,峰の松目,長野県,2568,35度59分49秒,138度21分02秒
いおうだけ,硫黄岳,長野県,2760,35度59分55秒,138度22分12秒
よこだけ,横岳,長野県,2830,35度59分09秒,138度22分22秒
あかだけ,赤岳,長野県 山梨県,2899,35度58分15秒,138度22分12秒
あみだだけ,阿弥陀岳,長野県,2805,35度58分20秒,138度21分32秒
ごんげんだけ,権現岳,山梨県,2715,35度56分59秒,138度21分35秒
ごんげんだけ<にしだけ>,権現岳<西岳>,長野県,2398,35度57分00秒,138度20分06秒
ごんげんだけ<みつがしら>,権現岳<三ッ頭>,山梨県,2580,35度56分32秒,138度21分50秒
あみがさやま,編笠山,山梨県 長野県,2524,35度56分30秒,138度20分42秒
くろひめやま,黒姫山,新潟県,1221,36度58分36秒,137度47分24秒
みょうじょうさん,明星山,新潟県,1188,36度56分27秒,137度49分19秒
いぬがだけ,犬ヶ岳,新潟県 富山県,1592,36度54分25秒,137度42分56秒
あさひだけ,朝日岳,新潟県 富山県,2418,36度49分36秒,137度43分48秒
ゆきくらだけ,雪倉岳,新潟県 富山県,2611,36度47分41秒,137度45分15秒
はちがたけ,鉢ヶ岳,新潟県 富山県,2563,36度46分49秒,137度44分58秒
これんげさん,小蓮華山,新潟県 長野県,2766,36度46分25秒,137度46分34秒
のりくらだけ,乗鞍岳,新潟県 長野県,2469,36度47分19秒,137度47分57秒
かざふきだけ,風吹岳,長野県,1888,36度48分51秒,137度50分20秒
しろうまだけ,白馬岳,富山県 長野県,2932,36度45分31秒,137度45分31秒
あさひだけ,旭岳,富山県,2867,36度45分28秒,137度44分45秒
しょうずだけ,清水岳,富山県,2603,36度45分53秒,137度43分08秒
しゃくしだけ,杓子岳,富山県 長野県,2812,36度44分26秒,137度45分33秒
やりがたけ,鑓ヶ岳,富山県 長野県,2903,36度43分53秒,137度45分19秒
からまつだけ,唐松岳,富山県 長野県,2696,36度41分14秒,137度45分17秒
ごりゅうだけ,五龍岳,富山県,2814,36度39分30秒,137度45分10秒
かしまやりがたけ,鹿島槍ヶ岳,富山県 長野県,2889,36度37分28秒,137度44分49秒
じいがたけ,爺ヶ岳,富山県 長野県,2670,36度35分18秒,137度45分03秒
いわごやざわだけ,岩小屋沢岳,富山県 長野県,2630,36度34分37秒,137度42分48秒
なるさわだけ,鳴沢岳,富山県 長野県,2641,36度34分07秒,137度41分44秒
あかざわだけ,赤沢岳,富山県 長野県,2678,36度33分43秒,137度41分15秒
すばりだけ,スバリ岳,富山県 長野県,2752,36度32分39秒,137度41分06秒
はりのきだけ,針ノ木岳,富山県 長野県,2821,36度32分17秒,137度41分04秒
れんげだけ,蓮華岳,富山県 長野県,2799,36度32分09秒,137度42分38秒
きたくずだけ,北葛岳,富山県 長野県,2551,36度31分03秒,137度42分20秒
ふどうだけ,不動岳,富山県 長野県,2601,36度29分43秒,137度40分02秒
みなみさわだけ,南沢岳,富山県 長野県,2626,36度29分24秒,137度39分11秒
えぼしだけ,烏帽子岳,富山県 長野県,2628,36度28分46秒,137度39分03秒
みつだけ,三ッ岳,富山県 長野県,2845,36度27分17秒,137度38分58秒
のぐちごろうだけ,野口五郎岳,富山県 長野県,2924,36度25分58秒,137度38分16秒
みなみまさごだけ,南真砂岳,長野県,2713,36度24分48秒,137度38分30秒
あかうしだけ,赤牛岳,富山県,2864,36度27分42秒,137度36分12秒
すいしょうだけ（くろだけ）,水晶岳（黒岳）,富山県,2986,36度25分35秒,137度36分10秒
じいだけ,祖父岳,富山県,2825,36度24分40秒,137度35分28秒
わしばだけ,鷲羽岳,富山県 長野県,2924,36度24分11秒,137度36分19秒
みつまたれんげだけ,三俣蓮華岳,富山県 岐阜県 長野県,2841,36度23分24秒,137度35分16秒
そうがだけ,僧ヶ岳,富山県,1855,36度45分42秒,137度33分49秒
けかつやま,毛勝山,富山県,2415,36度42分04秒,137度35分27秒
ねこまたやま,猫又山,富山県,2378,36度40分52秒,137度35分25秒
いけのだいらやま,池平山,富山県,2561,36度38分28秒,137度37分33秒
つるぎだけ,剱岳,富山県,2999,36度37分24秒,137度37分01秒
べっさん,別山,富山県,2880,36度35分51秒,137度37分13秒
つるぎごぜん,剱御前,富山県,2777,36度36分09秒,137度36分32秒
おくだいにちだけ,奥大日岳,富山県,2611,36度35分54秒,137度34分51秒
だいにちだけ,大日岳,富山県,2501,36度35分58秒,137度33分00秒
まさごだけ,真砂岳,富山県,2861,36度35分12秒,137度37分12秒
たてやま<おおなんじやま>,立山<大汝山>,富山県,3015,36度34分33秒,137度37分11秒
くにみだけ,国見岳,富山県,2621,36度34分16秒,137度35分23秒
りゅうおうだけ,龍王岳,富山県,2872,36度33分53秒,137度36分26秒
りゅうおうだけ<じょうどさん>,龍王岳<浄土山>,富山県,2831,36度34分06秒,137度36分13秒
わしだけ,鷲岳,富山県,2617,36度32分31秒,137度35分14秒
とんびやま,鳶山,富山県,2616,36度32分03秒,137度35分09秒
えっちゅうざわだけ,越中沢岳,富山県,2592,36度30分54秒,137度34分59秒
くわさきやま,鍬崎山,富山県,2090,36度32分24秒,137度28分41秒
やくしだけ,薬師岳,富山県,2926,36度28分08秒,137度32分41秒
きたのまただけ（かみのだけ）,北ノ俣岳（上ノ岳）,富山県 岐阜県,2662,36度25分16秒,137度30分44秒
くろべごろうだけ（なかのまただけ）,黒部五郎岳（中ノ俣岳）,富山県 岐阜県,2840,36度23分33秒,137度32分24秒
すごろくだけ,双六岳,長野県 岐阜県,2860,36度22分19秒,137度35分14秒
もみさわだけ,樅沢岳,長野県 岐阜県,2755,36度22分00秒,137度36分28秒
ゆみおりだけ,弓折岳,岐阜県,2592,36度20分58秒,137度35分48秒
ぬけどだけ,抜戸岳,岐阜県,2813,36度19分40秒,137度34分30秒
かさがたけ,笠ヶ岳,岐阜県,2898,36度18分56秒,137度33分01秒
しゃくじょうだけ,錫杖岳,岐阜県,2168,36度16分55秒,137度32分50秒
いおうだけ,硫黄岳,長野県,2554,36度22分50秒,137度39分02秒
からさわだけ,唐沢岳,長野県,2633,36度27分40秒,137度43分00秒
がきだけ,餓鬼岳,長野県,2647,36度26分50秒,137度44分10秒
つばくろだけ,燕岳,長野県,2763,36度24分25秒,137度42分46秒
ありあけやま,有明山,長野県,2268,36度23分28秒,137度46分14秒
だいてんじょうだけ,大天井岳,長野県,2922,36度21分54秒,137度42分04秒
ひがしてんじょうだけ,東天井岳,長野県,2814,36度21分12秒,137度42分56秒
よことおしだけ,横通岳,長野県,2767,36度20分33秒,137度43分37秒
じょうねんだけ,常念岳,長野県,2857,36度19分32秒,137度43分39秒
ちょうがたけ,蝶ヶ岳,長野県,2677,36度17分15秒,137度43分34秒
おおたきやま,大滝山,長野県,2616,36度16分27秒,137度44分36秒
あかいわだけ,赤岩岳,長野県,2769,36度20分36秒,137度41分03秒
にしだけ,西岳,長野県,2758,36度20分14秒,137度40分46秒
あかさわやま,赤沢山,長野県,2670,36度19分45秒,137度40分47秒
やりがたけ,槍ヶ岳,長野県,3180,36度20分31秒,137度38分51秒
おおばみだけ,大喰岳,長野県 岐阜県,3101,36度20分09秒,137度38分45秒
なかだけ,中岳,長野県 岐阜県,3084,36度19分47秒,137度38分48秒
みなみだけ,南岳,長野県 岐阜県,3033,36度19分08秒,137度39分03秒
きたほたかだけ,北穂高岳,長野県 岐阜県,3106,36度18分09秒,137度39分07秒
からさわだけ,涸沢岳,長野県 岐阜県,3110,36度17分45秒,137度38分49秒
おくほたかだけ,奥穂高岳,長野県 岐阜県,3190,36度17分21秒,137度38分53秒
まえほたかだけ,前穂高岳,長野県,3090,36度16分55秒,137度39分38秒
にしほたかだけ,西穂高岳,長野県 岐阜県,2909,36度16分44秒,137度37分45秒
やけだけ,焼岳,長野県 岐阜県,2455,36度13分37秒,137度35分13秒
かすみざわだけ,霞沢岳,長野県,2646,36度13分16秒,137度38分26秒
じゅっこくやま,十石山,長野県 岐阜県,2525,36度09分49秒,137度35分26秒
てらしやま,輝山,岐阜県,2063,36度11分39秒,137度31分20秒
のりくらだけ<けんがみね>,乗鞍岳<剣ヶ峰>,岐阜県 長野県,3026,36度06分23秒,137度33分13秒
かまがみね,鎌ヶ峰,長野県 岐阜県,2121,36度01分36秒,137度35分57秒
はちもりやま,鉢盛山,長野県,2447,36度05分12秒,137度45分17秒
おんたけさん<けんがみね>,御嶽山<剣ヶ峰>,長野県,3067,35度53分34秒,137度28分49秒
こひでやま,小秀山,長野県 岐阜県,1982,35度47分08秒,137度23分49秒
おくさんがいだけ,奥三界岳,岐阜県 長野県,1811,35度40分54秒,137度30分26秒
おしろやま,尾城山,岐阜県,1133,35度41分45秒,137度20分38秒
ふたつもりやま,二ッ森山,岐阜県,1223,35度34分19秒,137度24分01秒
きょうがたけ,経ヶ岳,長野県,2296,35度54分46秒,137度51分45秒
おおだないりやま,大棚入山,長野県,2375,35度50分53秒,137度48分36秒
しょうぎがしらやま,将棊頭山,長野県,2730,35度48分12秒,137度49分37秒
しょうぎがしらやま<ちゃうすやま>,将棊頭山<茶臼山>,長野県,2658,35度48分53秒,137度49分18秒
こまがたけ,駒ヶ岳,長野県,2956,35度47分22秒,137度48分16秒
こまがたけ<ほうけんだけ>,駒ヶ岳<宝剣岳>,長野県,2931,35度46分53秒,137度48分33秒
こまがたけ<むぎくさだけ>,駒ヶ岳<麦草岳>,長野県,2733,35度47分48秒,137度47分10秒
さんのさわだけ,三沢岳,長野県,2847,35度46分00秒,137度47分39秒
ひのきおだけ,檜尾岳,長野県,2728,35度45分07秒,137度48分48秒
くまざわだけ,熊沢岳,長野県,2778,35度44分21秒,137度48分12秒
ひがしかわだけ,東川岳,長野県,2671,35度43分31秒,137度48分20秒
うつぎだけ,空木岳,長野県,2864,35度43分08秒,137度49分02秒
みなみこまがたけ,南駒ヶ岳,長野県,2841,35度42分05秒,137度48分39秒
みなみこまがたけ<あかなぎだけ>,南駒ヶ岳<,長野県,2798,35度42分22秒,137度48分56秒
せんがいれい,仙涯嶺,長野県,2734,35度41分32秒,137度48分49秒
こすもやま,越百山,長野県,2614,35度40分46秒,137度48分12秒
あんぺいじやま,安平路山,長野県,2363,35度37分50秒,137度46分28秒
すりこぎやま,摺古木山,長野県,2169,35度36分46秒,137度44分15秒
なぎそだけ,南木曽岳,長野県,1679,35度35分33秒,137度38分39秒
かざこしやま（ごんげんやま）,風越山（権現山）,長野県,1535,35度32分58秒,137度47分02秒
えなさん,恵那山,長野県 岐阜県,2191,35度26分37秒,137度35分50秒
もりやさん,守屋山,長野県,1651,35度58分03秒,138度05分36秒
にゅうがさやま,入笠山,長野県,1955,35度53分47秒,138度10分18秒
のこぎりだけ,鋸岳,山梨県 長野県,2685,35度46分44秒,138度12分36秒
こまがたけ,駒ヶ岳,山梨県 長野県,2967,35度45分29秒,138度14分12秒
こまつみね,駒津峰,山梨県 長野県,2752,35度45分17秒,138度13分51秒
ふたごやま,双児山,山梨県 長野県,2649,35度45分03秒,138度13分17秒
あさよみね,アサヨ峰,山梨県,2799,35度43分54秒,138度14分29秒
あさよみね<くりさわやま>,アサヨ峰<栗沢山>,山梨県,2714,35度44分17秒,138度14分03秒
たかみね,高嶺,山梨県,2779,35度42分35秒,138度17分16秒
じぞうがたけ,地蔵ヶ岳,山梨県,2764,35度42分44秒,138度17分55秒
かんのんがだけ,観音ヶ岳,山梨県,2841,35度42分06秒,138度18分17秒
やくしがだけ,薬師ヶ岳,山梨県,2780,35度41分46秒,138度18分42秒
つじやま,辻山,山梨県,2585,35度40分35秒,138度19分19秒
くしがたやま,櫛形山,山梨県,2052,35度35分12秒,138度22分09秒
せんじょうがたけ,仙丈ヶ岳,山梨県 長野県,3033,35度43分12秒,138度11分01秒
いなあらくらだけ,伊那荒倉岳,山梨県 長野県,2519,35度41分21秒,138度11分39秒
こたろうやま,小太郎山,山梨県,2725,35度42分03秒,138度14分24秒
きただけ,北岳,山梨県,3193,35度40分28秒,138度14分20秒
あいのだけ,間ノ岳,山梨県 静岡県,3190,35度38分46秒,138度13分42秒
のうとりだけ<にしのうとりだけ>,農鳥岳<西農鳥岳>,山梨県 静岡県,3051,35度37分29秒,138度13分49秒
のうとりだけ,農鳥岳,山梨県 静岡県,3026,35度37分16秒,138度14分13秒
おおからまつやま,大唐松山,山梨県,2561,35度37分18秒,138度16分10秒
ひろごうちだけ,広河内岳,山梨県 静岡県,2895,35度36分22秒,138度14分09秒
おおかごだけ,大籠岳,山梨県 静岡県,2767,35度35分35秒,138度14分36秒
ささやま,笹山,山梨県 静岡県,2733,35度34分16秒,138度14分38秒
くろべいやま,黒檜山,長野県,2541,35度38分40秒,138度11分10秒
あべあらくらだけ,安倍荒倉岳,長野県 静岡県,2693,35度37分23秒,138度12分11秒
しんじゃぬけやま,新蛇抜山,長野県 静岡県,2667,35度36分26秒,138度12分19秒
きたあらかわだけ,北荒川岳,長野県,2698,35度35分41秒,138度11分40秒
しおみだけ,塩見岳,長野県 静岡県,3052,35度34分23秒,138度11分01秒
こうもりだけ,蝙蝠岳,静岡県,2865,35度33分25秒,138度12分26秒
とくえもんだけ,徳右衛門岳,静岡県,2599,35度32分22秒,138度13分35秒
ほんたにやま,本谷山,長野県 静岡県,2658,35度34分15秒,138度09分06秒
とくらやま（いなふじ）,戸倉山（伊那富士）,長野県,1681,35度44分42秒,138度03分07秒
えぼしだけ,烏帽子岳,長野県 静岡県,2726,35度33分13秒,138度09分13秒
こごうちだけ,小河内岳,長野県 静岡県,2802,35度32分16秒,138度09分11秒
こひかげやま,小日影山,長野県,2506,35度31分31秒,138度07分35秒
おおひかげやま,大日影山,長野県 静岡県,2573,35度31分20秒,138度08分18秒
いたやだけ,板屋岳,長野県 静岡県,2646,35度31分05秒,138度08分46秒
ひがしだけ（わるさわだけ）,東岳（悪沢岳）,静岡県,3141,35度30分03秒,138度10分57秒
あらかわだけ<なかだけ>,荒川岳<中岳>,静岡県,3084,35度29分48秒,138度10分01秒
あらかわだけ<まえだけ>,荒川岳<前岳>,長野県 静岡県,3068,35度29分39秒,138度09分51秒
あかいしだけ,赤石岳,長野県 静岡県,3121,35度27分40秒,138度09分26秒
おくちゃうすやま,奥茶臼山,長野県,2474,35度29分06秒,138度04分09秒
きめんざん,鬼面山,長野県,1890,35度29分31秒,137度59分25秒
おおさわだけ,大沢岳,長野県 静岡県,2820,35度26分56秒,138度07分13秒
なかもりまるやま,中盛丸山,長野県 静岡県,2807,35度26分34秒,138度07分19秒
うさぎだけ,兎岳,長野県 静岡県,2818,35度25分43秒,138度07分16秒
ひじりだけ<まえひじりだけ>,聖岳<前聖岳>,長野県 静岡県,3013,35度25分22秒,138度08分23秒
かみこうちだけ,上河内岳,静岡県,2803,35度23分23秒,138度09分10秒
ちゃうすだけ,茶臼岳,長野県 静岡県,2604,35度22分09秒,138度08分26秒
にっただけ,仁田岳,静岡県,2524,35度21分39秒,138度07分38秒
てかりだけ,光岳,静岡県 長野県,2592,35度20分17秒,138度05分02秒
いけぐちだけ,池口岳,長野県 静岡県,2392,35度19分49秒,138度02分18秒
しらくらやま,白倉山,長野県 静岡県,1851,35度18分06秒,137度59分32秒
くまぶしやま,熊伏山,長野県,1654,35度15分48秒,137度53分42秒
だいむげんざん,大無間山,静岡県,2330,35度15分22秒,138度09分42秒
ふどうがたけ,不動岳,静岡県,2172,35度14分08秒,138度02分28秒
くろぼうしがたけ,黒法師岳,静岡県,2068,35度11分46秒,138度01分46秒
そばつぶやま,蕎麦粒山,静岡県,1627,35度07分34秒,138度02分07秒
たかつかやま,高塚山,静岡県,1621,35度06分56秒,138度00分13秒
きょうまるやま,京丸山,静岡県,1470,35度05分46秒,137度57分57秒
あきはさん,秋葉山,静岡県,885,34度58分54秒,137度51分58秒
はっこうさん,八高山,静岡県,832,34度54分27秒,138度03分24秒
ざるがたけ,笊ヶ岳,山梨県 静岡県,2629,35度25分27秒,138度15分34秒
ぬのびきやま,布引山,山梨県 静岡県,2584,35度24分31秒,138度15分30秒
あおなぎやま,青薙山,静岡県,2406,35度22分11秒,138度13分43秒
みのぶさん,身延山,山梨県,1153,35度23分51秒,138度24分59秒
しちめんざん,七面山,山梨県,1989,35度22分10秒,138度20分56秒
やんぶし,山伏,山梨県 静岡県,2013,35度18分16秒,138度17分07秒
じゅうまいざん,十枚山,静岡県 山梨県,1726,35度15分13秒,138度22分41秒
しのいさん,篠井山,山梨県,1394,35度14分52秒,138度25分35秒
[たかどっきょう],[高ドッキョウ],山梨県 静岡県,1133,35度10分43秒,138度26分17秒
りゅうそうざん,竜爪山,静岡県,1051,35度05分18秒,138度24分13秒
くのうざん,久能山,静岡県,216,34度57分58秒,138度28分05秒
ちゃうすやま,茶臼山,長野県 愛知県,1416,35度13分39秒,137度39分20秒
たかのすやま,鷹ノ巣山,愛知県,1153,35度09分09秒,137度29分42秒
ほうらいじさん,鳳来寺山,愛知県,695,34度59分03秒,137度34分58秒
ほんぐうさん,本宮山,愛知県,789,34度54分35秒,137度25分14秒
さなげやま,猿投山,愛知県,629,35度12分21秒,137度10分01秒
きんかざん,金華山,岐阜県,329,35度26分00秒,136度46分53秒
ほうりゅうざん,宝立山,石川県,471,37度25分43秒,137度09分45秒
はちぶせやま,鉢伏山,石川県,544,37度22分40秒,136度58分15秒
せきどうさん,石動山,石川県,564,36度57分56秒,136度58分15秒
ほうだつさん,宝達山,石川県,637,36度46分55秒,136度48分47秒
ふたがみやま,二上山,富山県,274,36度47分24秒,137度00分55秒
うしだけ,牛岳,富山県,987,36度32分28秒,137度01分54秒
しらきみね,白木峰,富山県 岐阜県,1596,36度24分56秒,137度06分44秒
こんごうどうざん,金剛堂山,富山県,1650,36度22分44秒,137度02分56秒
にんぎょうやま,人形山,岐阜県 富山県,1726,36度20分56秒,136度56分23秒
みつがつじやま,三ヶ辻山,岐阜県,1764,36度20分17秒,136度57分00秒
さるがばばやま,猿ヶ馬場山,岐阜県,1875,36度13分33秒,136度56分34秒
ごぜんだけ,御前岳,岐阜県,1816,36度11分53秒,136度57分37秒
おおあまみやま,大雨見山,岐阜県,1336,36度15分12秒,137度17分55秒
くらいやま,位山,岐阜県,1529,36度02分18秒,137度11分48秒
かおれだけ,川上岳,岐阜県,1625,36度00分30秒,137度08分58秒
わしがたけ,鷲ヶ岳,岐阜県,1671,35度56分25秒,136度58分17秒
やおとめやま,八乙女山,富山県,756,36度32分26秒,136度58分59秒
たかしょうずやま,高清水山,富山県,1145,36度28分38秒,136度56分34秒
いおうぜん<おくいおうぜん>,医王山<奥医王山>,富山県 石川県,939,36度30分46秒,136度47分46秒
くちさんぼうだけ,口三方岳,石川県,1269,36度22分24秒,136度42分56秒
たかさぶろうやま,高三郎山,石川県,1445,36度22分16秒,136度46分25秒
だいもんざん,大門山,富山県 石川県,1572,36度21分55秒,136度48分13秒
おおがさやま,大笠山,富山県 石川県,1822,36度19分14秒,136度47分23秒
おいずるがだけ,笈ヶ岳,富山県 石川県 岐阜県,1841,36度17分55秒,136度47分32秒
さんぽういわだけ,三方岩岳,石川県 岐阜県,1736,36度15分29秒,136度50分40秒
さんぽうくずれやま,三方崩山,岐阜県,2059,36度10分44秒,136度51分37秒
ななくらやま,七倉山,石川県,2557,36度10分16秒,136度45分31秒
はくさん<ごぜんがみね>,白山<御前峰>,石川県 岐阜県,2702,36度09分18秒,136度46分17秒
はくさんしゃかだけ,白山釈迦岳,石川県,2053,36度09分08秒,136度44分08秒
べっさん,別山,石川県 岐阜県,2399,36度06分20秒,136度45分57秒
がんきょうじやま,願教寺山,福井県 岐阜県,1691,36度03分25秒,136度44分23秒
のぶせがだけ,野伏ヶ岳,岐阜県 福井県,1674,36度00分46秒,136度43分57秒
だいにちがたけ,大日ヶ岳,岐阜県,1709,36度00分05秒,136度50分16秒
あかうさぎやま,赤兎山,福井県 石川県,1629,36度04分03秒,136度39分43秒
きょうがだけ,経ヶ岳,福井県,1625,36度02分47秒,136度37分19秒
わっそうがたけ,鷲走ヶ岳,石川県,1097,36度15分57秒,136度36分56秒
だいにちざん,大日山,石川県,1368,36度09分43秒,136度29分35秒
ふじしゃがだけ,富士写ヶ岳,石川県,942,36度11分19秒,136度21分50秒
じょうほうじやま,浄法寺山,福井県,1053,36度07分30秒,136度23分34秒
くにみだけ,国見岳,福井県,656,36度04分45秒,136度05分02秒
ひのさん,日野山,福井県,794,35度51分33秒,136度12分27秒
へこさん,部子山,福井県,1464,35度53分10秒,136度26分21秒
あらしまだけ,荒島岳,福井県,1523,35度56分03秒,136度36分05秒
へいけがだけ,平家岳,福井県,1442,35度48分36秒,136度43分08秒
こうがさん,高賀山,岐阜県,1224,35度40分19秒,136度51分33秒
びょうぶざん,,福井県 岐阜県,1354,35度47分49秒,136度37分36秒
うばがたけ,姥ヶ岳,福井県,1454,35度48分34秒,136度30分21秒
のうごうはくさん（ごんげんさん）,能郷白山（権現山）,岐阜県,1617,35度45分45秒,136度30分51秒
かんむりやま,冠山,福井県 岐阜県,1257,35度46分47秒,136度24分34秒
さんしゅうがたけ,三周ヶ岳,岐阜県,1292,35度41分01秒,136度18分00秒
かなくそだけ,金糞岳,岐阜県 滋賀県,1317,35度33分00秒,136度20分14秒
いぶきやま,伊吹山,滋賀県,1377,35度25分04秒,136度24分23秒
りょうぜんざん,霊仙山,滋賀県,1094,35度16分45秒,136度22分53秒
しょうがだけ,笙ヶ岳,岐阜県,908,35度17分01秒,136度30分40秒
ようろうさん,養老山,岐阜県,859,35度15分47秒,136度31分24秒
おいけだけ,御池岳,滋賀県,1247,35度10分43秒,136度24分54秒
りゅうがだけ,竜ヶ岳,滋賀県 三重県,1099,35度07分10秒,136度26分43秒
ございしょやま,御在所山,滋賀県 三重県,1212,35度01分14秒,136度25分04秒
あまごいだけ,雨乞岳,滋賀県,1238,35度01分16秒,136度23分03秒
たかはたやま,高畑山,三重県 滋賀県,773,34度53分23秒,136度19分15秒
れいさん,霊山,三重県,766,34度49分02秒,136度15分38秒
きょうがみね,経が峰,三重県,819,34度45分59秒,136度22分28秒
かさとりやま,笠取山,三重県,842,34度44分03秒,136度17分48秒
ぶながだけ,武奈ヶ岳,滋賀県,1214,35度15分53秒,135度53分49秒
みなこやま,皆子山,京都府 滋賀県,971,35度12分08秒,135度50分07秒
ほうらいさん,蓬莱山,滋賀県,1174,35度12分34秒,135度53分09秒
ひえいざん<だいひえい>,比叡山<大比叡>,滋賀県 京都府,848,35度03分57秒,135度50分04秒
おとわやま,音羽山,京都府,593,34度58分37秒,135度51分11秒
みかみやま,三上山,滋賀県,432,35度03分02秒,136度02分16秒
じゅうぶざん,鷲峰山,京都府,682,34度49分50秒,135度54分30秒
かさぎやま,笠置山,京都府,324,34度45分07秒,135度57分02秒
わかくさやま（みかさやま）,若草山（三笠山）,奈良県,342,34度41分28秒,135度51分16秒
みわやま,三輪山,奈良県,467,34度32分06秒,135度52分01秒
みみなしやま,耳成山,奈良県,139,34度30分53秒,135度48分19秒
あまのかぐやま,天香久山,奈良県,152,34度29分45秒,135度49分06秒
うねびやま,畝傍山,奈良県,199,34度29分33秒,135度47分05秒
いこまやま,生駒山,大阪府 奈良県,642,34度40分42秒,135度40分44秒
しぎさん,信貴山,奈良県,437,34度36分46秒,135度40分06秒
にじょうさん<おだけ>,二上山<雄岳>,奈良県,517,34度31分33秒,135度40分39秒
かつらぎさん,葛城山,奈良県 大阪府,959,34度27分22秒,135度40分56秒
こんごうざん,金剛山,奈良県,1125,34度25分10秒,135度40分23秒
いわわきさん,岩湧山,大阪府,897,34度22分27秒,135度33分04秒
かつらぎさん,葛城山,大阪府 和歌山県,858,34度20分53秒,135度26分04秒
そせきざん,俎石山,和歌山県 大阪府,420,34度18分30秒,135度12分28秒
ほっさかさん,堀坂山,三重県,757,34度32分48秒,136度25分58秒
あまがだけ,尼ケ岳,三重県,957,34度33分27秒,136度13分11秒
くろそやま,倶留尊山,三重県 奈良県,1037,34度31分51秒,136度10分13秒
つぼねがだけ,局ヶ岳,三重県,1029,34度27分38秒,136度19分37秒
みうねやま,三峰山,三重県 奈良県,1235,34度26分55秒,136度12分23秒
たかみやま,高見山,三重県 奈良県,1248,34度25分43秒,136度05分18秒
りゅうもんがだけ,竜門岳,奈良県,904,34度26分26秒,135度53分52秒
あさまがたけ,朝熊ヶ岳,三重県,555,34度27分40秒,136度46分53秒
ななほらがたけ,七洞岳,三重県,778,34度22分23秒,136度30分57秒
まよいだけ,迷岳,三重県,1309,34度21分00秒,136度12分27秒
くにみやま,国見山,三重県 奈良県,1419,34度22分33秒,136度05分12秒
いけごややま,池木屋山,三重県 奈良県,1396,34度18分58秒,136度07分46秒
しらひげだけ,白鬚岳,奈良県,1378,34度17分35秒,136度02分49秒
おおだいがはらざん<ひのでがたけ>,大台ヶ原山<日出ヶ岳>,奈良県 三重県,1695,34度11分07秒,136度06分33秒
さんじょうがたけ,山上ヶ岳,奈良県,1719,34度15分09秒,135度56分28秒
だいふげんだけ,大普賢岳,奈良県,1780,34度13分40秒,135度57分46秒
みせん,弥山,奈良県,1895,34度10分48秒,135度54分34秒
はっきょうがだけ,八経ヶ岳,奈良県,1915,34度10分25秒,135度54分27秒
ぶっしょうがだけ,仏生嶽,奈良県,1805,34度08分04秒,135度54分47秒
しゃかがだけ,釈迦ヶ岳,奈良県,1800,34度06分52秒,135度54分11秒
ねはんだけ,涅槃岳,奈良県,1376,34度03分30秒,135度53分49秒
かさすてやま,笠捨山,奈良県,1353,33度58分58秒,135度53分54秒
たまきやま,玉置山,奈良県,1077,33度55分36秒,135度49分54秒
たかみねさん,高峰山,三重県,1045,34度01分55秒,136度08分50秒
ねのとまりやま,子ノ泊山,三重県,907,33度47分40秒,135度55分50秒
りゅうもんざん,龍門山,和歌山県,756,34度14分17秒,135度24分41秒
おいしがみね,生石ヶ峰,和歌山県,870,34度06分18秒,135度20分03秒
しらまやま,白馬山,和歌山県,957,34度00分57秒,135度22分20秒
おばこだけ,伯母子岳,奈良県,1344,34度04分39秒,135度39分03秒
ごまだんざん,護摩壇山,奈良県 和歌山県,1372,34度03分27秒,135度34分01秒
うしまわしやま,牛廻山,奈良県 和歌山県,1207,33度56分56秒,135度37分53秒
ひやみずやま,冷水山,奈良県,1262,33度53分57秒,135度39分10秒
おおとうざん,大塔山,和歌山県,1122,33度43分37秒,135度42分50秒
ほうしやま,法師山,和歌山県,1121,33度43分33秒,135度39分55秒
なちさん<えぼしやま>,那智山<烏帽子山>,和歌山県,910,33度41分46秒,135度54分03秒
ぜんじのもりやま,善司ノ森山,和歌山県,591,33度35分37秒,135度32分49秒
のさかだけ,野坂岳,福井県,913,35度35分23秒,136度01分29秒
くもだにやま,雲谷山,福井県,786,35度33分28秒,135度56分42秒
くすやがだけ,久須夜ヶ岳,福井県,619,35度33分27秒,135度44分01秒
ひゃくりがだけ,百里ヶ岳,福井県 滋賀県,931,35度23分30秒,135度48分36秒
はんせいざん,飯盛山,福井県,584,35度27分07秒,135度39分36秒
あおばやま,青葉山,福井県,693,35度30分18秒,135度29分02秒
とうきんざん,頭巾山,福井県 京都府,871,35度22分39秒,135度32分04秒
ちょうろうがだけ,長老ヶ岳,京都府,917,35度18分12秒,135度28分26秒
さじきがだけ,桟敷ヶ岳,京都府,896,35度09分33秒,135度43分02秒
あたごやま,愛宕山,京都府,924,35度03分37秒,135度38分03秒
ぽんぽんやま,ポンポン山,京都府 大阪府,679,34度56分07秒,135度37分26秒
みょうけんさん,妙見山,大阪府 兵庫県,660,34度55分44秒,135度28分02秒
うたがきやま,歌垣山,大阪府,553,34度58分27秒,135度28分36秒
けんびさん,剣尾山,大阪府,784,35度00分13秒,135度24分14秒
みたけ,三嶽,兵庫県,793,35度07分38秒,135度14分42秒
しらがだけ,白髪岳,兵庫県,722,35度02分46秒,135度08分05秒
たいこやま,太鼓山,京都府,683,35度41分43秒,135度12分15秒
いさなごさん,磯砂山,京都府,661,35度32分55秒,135度02分17秒
おおえやま（せんじょうがたけ）,大江山（千丈ヶ嶽）,京都府,832,35度27分12秒,135度06分24秒
ひがしとこのおさん,東床尾山,兵庫県,839,35度25分19秒,134度54分57秒
くるひだけ,来日岳,兵庫県,567,35度36分43秒,134度47分08秒
ろっこうさん,六甲山,兵庫県,931,34度46分41秒,135度15分49秒
まやさん,摩耶山,兵庫県,702,34度43分59秒,135度12分15秒
みょうけんやま,妙見山,兵庫県,522,34度29分50秒,134度56分36秒
ゆづるはさん,諭鶴羽山,兵庫県,608,34度14分06秒,134度48分51秒
あわがやま,粟鹿山,兵庫県,962,35度16分22秒,134度54分56秒
せんがみね,千ヶ峰,兵庫県,1005,35度08分41秒,134度53分02秒
かさがたやま,笠形山,兵庫県,939,35度03分51秒,134度50分05秒
くとやま,久斗山,兵庫県,650,35度37分16秒,134度33分46秒
そぶがたけ,蘇武岳,兵庫県,1074,35度28分15秒,134度38分17秒
みょうけんやま,妙見山,兵庫県,1139,35度24分38秒,134度38分38秒
ふじなしやま,藤無山,兵庫県,1139,35度16分00秒,134度36分02秒
だんがみね,段ヶ峰,兵庫県,1103,35度11分30秒,134度43分39秒
せっぴこさん,雪彦山,兵庫県,915,35度04分22秒,134度39分04秒
おうぎのせん,扇ノ山,鳥取県,1310,35度26分23秒,134度26分27秒
はちぶせやま,鉢伏山,兵庫県,1222,35度23分43秒,134度32分11秒
ひょうのせん（すがのせん）,氷ノ山（須賀ノ山）,兵庫県 鳥取県,1510,35度21分14秒,134度30分50秒
みむろやま,三室山,兵庫県 鳥取県,1358,35度14分12秒,134度27分46秒
とうせん,東山,鳥取県,1388,35度17分32秒,134度22分59秒
おきのやま,沖ノ山,鳥取県,1318,35度14分53秒,134度21分24秒
うしろやま,後山,岡山県 兵庫県,1344,35度11分13秒,134度24分40秒
なぎさん,那岐山,鳥取県 岡山県,1255,35度10分18秒,134度10分49秒
しょしゃざん,書写山,兵庫県,371,34度53分34秒,134度39分23秒
しらはたやま,白旗山,兵庫県,440,34度54分30秒,134度22分51秒
はっとうじさん,八塔寺山,岡山県,538,34度55分23秒,134度15分08秒
かなやま,金山,岡山県,499,34度44分41秒,133度56分27秒
おおひらやま,大平山,岡山県,698,34度53分56秒,133度42分25秒
だいまんじさん,大満寺山,島根県,608,36度15分24秒,133度19分50秒
たくひやま,焼火山,島根県,452,36度04分29秒,133度01分55秒
あさひやま,朝日山,島根県,344,35度30分28秒,132度58分35秒
はなたかせん,鼻高山,島根県,536,35度24分45秒,132度45分10秒
たかはちやま,高鉢山,鳥取県,1203,35度21分37秒,134度03分04秒
はなちがせん,花知ヶ仙,岡山県,1247,35度15分34秒,133度58分30秒
つぐろせん,津黒山,岡山県,1118,35度15分07秒,133度48分54秒
ひるぜん<かみひるぜん>,蒜山<上蒜山>,鳥取県 岡山県,1202,35度19分30秒,133度39分48秒
やはずがせん,矢筈ヶ山,鳥取県,1358,35度23分12秒,133度34分51秒
だいせん<けんがみね>,大山<剣ヶ峰>,鳥取県,1729,35度22分16秒,133度32分46秒
からすがせん,烏ヶ山,鳥取県,1448,35度21分21秒,133度34分13秒
けなしがせん,毛無山,鳥取県 岡山県,1219,35度14分08秒,133度30分53秒
ほうぶつざん,宝仏山,鳥取県,1005,35度13分47秒,133度28分13秒
ほしやま,星山,岡山県,1030,35度08分31秒,133度40分38秒
はなみやま,花見山,鳥取県 岡山県,1188,35度09分09秒,133度24分04秒
おおくらやま,大倉山,鳥取県,1112,35度08分01秒,133度21分19秒
せんつうざん,船通山,島根県 鳥取県,1142,35度09分21秒,133度10分43秒
どうごやま,道後山,広島県 鳥取県,1271,35度04分10秒,133度13分58秒
ひばやま<たてえぼしやま>,比婆山<立烏帽子山>,広島県,1299,35度03分06秒,133度03分56秒
ひばやま<えぼしやま>,比婆山<烏帽子山>,広島県 島根県,1225,35度04分12秒,133度03分08秒
さるまさやま,猿政山,島根県 広島県,1268,35度04分53秒,132度58分04秒
おおよろぎやま,大万木山,島根県 広島県,1218,35度05分15秒,132度51分16秒
ことびきさん（みせん）,琴引山（弥山）,島根県,1013,35度02分53秒,132度46分57秒
さんべさん<おさんべさん>,三瓶山<男三瓶山>,島根県,1126,35度08分26秒,132度37分18秒
おおえたかやま,大江高山,島根県,808,35度03分50秒,132度25分43秒
ほしのこやま,星居山,広島県,834,34度44分53秒,133度13分18秒
だけやま,岳山,広島県,741,34度38分56秒,133度09分24秒
りゅうおうさん,龍王山,広島県,665,34度27分21秒,133度05分00秒
たかのすざん,鷹ノ巣山,広島県,922,34度33分58秒,132度44分46秒
しらきやま,白木山,広島県,889,34度31分17秒,132度34分32秒
ごさそうざん,呉娑々宇山,広島県,682,34度25分22秒,132度32分52秒
のろさん（ぜんだなやま）,野呂山（膳棚山）,広島県,839,34度15分44秒,132度39分58秒
かんざん,冠山,島根県,863,34度55分03秒,132度30分07秒
あさやま,阿佐山,島根県 広島県,1218,34度47分09秒,132度22分53秒
てんぐいしやま,天狗石山,島根県 広島県,1192,34度47分32秒,132度20分34秒
うんげつやま,雲月山,島根県 広島県,911,34度48分08秒,132度14分20秒
おおさやま,大佐山,島根県 広島県,1069,34度44分52秒,132度12分05秒
がりゅうざん,臥龍山,広島県,1223,34度41分24秒,132度11分48秒
しんにゅうざん,深入山,広島県,1153,34度39分00秒,132度12分24秒
おそらかんざん,恐羅漢山,島根県 広島県,1346,34度35分44秒,132度07分47秒
じっぽうざん,十方山,広島県,1328,34度33分55秒,132度08分32秒
おおみねやま,大峯山,広島県,1050,34度24分57秒,132度13分01秒
かんむりやま,冠山,広島県,1339,34度28分07秒,132度04分34秒
じゃくちさん,寂地山,山口県 島根県,1337,34度28分02秒,132度03分16秒
あぞうじやま,安蔵寺山,島根県,1263,34度28分38秒,131度58分02秒
こごろうさん,小五郎山,山口県,1162,34度25分01秒,132度00分31秒
らかんざん,羅漢山,山口県,1109,34度21分20秒,132度04分02秒
すずのおおたにやま,鈴ノ大谷山,島根県,1036,34度22分36秒,131度50分21秒
へいけがだけ,平家ヶ岳,島根県 山口県,1066,34度19分06秒,131度53分59秒
ばふんがだけ,馬糞ヶ岳,山口県,985,34度15分02秒,131度53分47秒
あざみがだけ,莇ヶ岳,山口県,1004,34度19分57秒,131度46分40秒
あおのやま,青野山,島根県,907,34度27分44秒,131度47分53秒
とくさがみね,十種ヶ峰,山口県 島根県,989,34度26分18秒,131度41分43秒
こうやま,高山,山口県,533,34度39分08秒,131度36分48秒
にしほうべんざん,西鳳翩山,山口県,742,34度12分39秒,131度24分34秒
おおひらやま,大平山,山口県,631,34度04分24秒,131度37分49秒
かつらぎさん,桂木山,山口県,702,34度18分19秒,131度18分10秒
はなおやま,花尾山,山口県,669,34度17分02秒,131度13分16秒
てんじょうがだけ,天井ヶ岳,山口県,691,34度18分40秒,131度02分34秒
くるそんざん（おだけ）,狗留孫山（御岳）,山口県,616,34度12分53秒,130度58分35秒
りゅうおうざん,竜王山,山口県,614,34度04分06秒,130度56分09秒
けんそざん<ほしがじょうやま>,嶮岨山<星ヶ城山>,香川県,816,34度30分55秒,134度19分03秒
くまがみね,熊ヶ峰,広島県,438,34度26分00秒,133度22分06秒
わしがとうざん,鷲ヶ頭山,愛媛県,436,34度14分21秒,133度01分17秒
みせん,弥山,広島県,535,34度16分46秒,132度19分10秒
おおざさん,皇座山,山口県,526,33度51分11秒,132度08分32秒
ごけんざん（やくりやま）,五剣山（八栗山）,香川県,375,34度21分40秒,134度08分29秒
おおひらやま,大平山,香川県,479,34度19分47秒,133度57分09秒
いいのやま（さぬきふじ）,飯野山（讃岐富士）,香川県,422,34度16分28秒,133度50分45秒
ぞうずさん<おおさやま>,象頭山<大麻山>,香川県,616,34度11分48秒,133度47分19秒
やはずやま,矢筈山,香川県,789,34度11分39秒,134度11分48秒
おおたきやま,大滝山,香川県 徳島県,946,34度07分24秒,134度07分37秒
りゅうおうざん,竜王山,徳島県 香川県,1060,34度06分56秒,134度02分54秒
だいせんざん,大川山,徳島県 香川県,1043,34度06分55秒,133度56分23秒
うんぺんじさん,雲辺寺山,香川県 徳島県,927,34度02分07秒,133度43分23秒
ひがしさんぽうがもり,東三方ヶ森,愛媛県,1233,33度54分10秒,132度57分35秒
たかなわさん,高縄山,愛媛県,986,33度56分45秒,132度51分00秒
びざん,眉山,徳島県,290,34度03分40秒,134度30分59秒
なかつみねやま,中津峰山,徳島県,773,33度57分45秒,134度30分34秒
たいりゅうじやま,太竜寺山,徳島県,618,33度52分27秒,134度31分11秒
こうつざん,高越山,徳島県,1133,34度01分02秒,134度11分45秒
くもそうやま,雲早山,徳島県,1496,33度54分21秒,134度17分41秒
やつらやま,八面山,徳島県,1312,33度55分24秒,134度05分59秒
つるぎさん,剣山,徳島県,1955,33度51分13秒,134度05分39秒
つるぎさん<まるざさやま>,剣山<丸笹山>,徳島県,1712,33度52分27秒,134度05分24秒
とうのまる,塔丸,徳島県,1713,33度52分01秒,134度02分21秒
やはずさん,矢筈山,徳島県,1849,33度55分30秒,133度58分30秒
なかつざん,中津山,徳島県,1447,33度55分29秒,133度50分39秒
くにみざん,国見山,徳島県,1409,33度54分27秒,133度47分05秒
てんぐづか,天狗塚,徳島県,1812,33度49分37秒,133度56分36秒
みうね,三嶺,徳島県 高知県,1894,33度50分22秒,133度59分16秒
しらがやま,白髪山,高知県,1770,33度48分36秒,133度59分35秒
いしたてざん,石立山,徳島県 高知県,1708,33度47分05秒,134度03分18秒
かじがもり,梶ヶ森,高知県,1400,33度45分33秒,133度45分05秒
じんきちもり,甚吉森,徳島県 高知県,1423,33度41分41秒,134度06分36秒
てんぐもり,天狗森,高知県,1296,33度37分08秒,134度04分04秒
かねがりゅうもり,鐘ヶ龍森,高知県,1126,33度32分49秒,134度04分55秒
くいしやま,工石山,高知県,1516,33度51分20秒,133度34分48秒
しらがやま,白髪山,高知県,1469,33度48分58秒,133度35分27秒
いなむらやま,稲叢山,高知県,1506,33度44分49秒,133度21分33秒
くいしやま,工石山,高知県,1177,33度40分11秒,133度30分22秒
あかぼしやま,赤星山,愛媛県,1453,33度55分10秒,133度27分29秒
ひがしあかいしやま,東赤石山,愛媛県,1710,33度52分31秒,133度22分26秒
ささがみね,笹ヶ峰,愛媛県 高知県,1860,33度49分41秒,133度16分29秒
いよふじ,伊予富士,愛媛県 高知県,1756,33度47分17秒,133度14分53秒
かめがもり,瓶ヶ森,愛媛県,1897,33度47分41秒,133度11分36秒
いしづちさん<てんぐだけ>,石鎚山<天狗岳>,愛媛県,1982,33度46分04秒,133度06分54秒
にのもり,二ノ森,愛媛県,1930,33度45分31秒,133度05分38秒
つつじょうざん,筒上山,愛媛県 高知県,1860,33度43分55秒,133度09分40秒
いしずみさん,石墨山,愛媛県,1456,33度44分02秒,132度59分05秒
しょうじやま,障子山,愛媛県,885,33度42分19秒,132度45分55秒
つぼがみやま,壺神山,愛媛県,971,33度36分20秒,132度33分17秒
いずしやま,出石山,愛媛県,812,33度32分06秒,132度27分55秒
かんなんざん,神南山,愛媛県,710,33度31分03秒,132度37分58秒
ございしょざん,御在所山,愛媛県,915,33度20分38秒,132度45分21秒
かさとりやま,笠取山,愛媛県,1562,33度33分20秒,132度55分21秒
なかつさん（みょうじんさん）,中津山（明神山）,愛媛県 高知県,1541,33度34分32秒,133度02分48秒
いらずやま,不入山,高知県,1336,33度26分27秒,133度03分47秒
ばんだがもり,蟠蛇森,高知県,770,33度26分28秒,133度15分34秒
すずがもり,鈴ヶ森,高知県,1054,33度21分23秒,133度03分04秒
ございしょのみね,五在所ノ峯,高知県,658,33度10分38秒,133度09分03秒
どうがもり,堂が森,高知県,857,33度09分36秒,132度52分36秒
たかつきやま,高月山,愛媛県,1229,33度12分31秒,132度38分05秒
さんぼんぐい,三本杭,愛媛県,1226,33度11分18秒,132度38分07秒
ささやま,篠山,愛媛県 高知県,1065,33度03分21秒,132度39分33秒
いまのやま,今ノ山,高知県,868,32度51分27秒,132度51分01秒
あだちやま（きりがたけ）,足立山（霧ヶ岳）,福岡県,598,33度51分34秒,130度55分02秒
ぬきさん,貫山,福岡県,712,33度46分50秒,130度54分34秒
ふくちやま,福智山,福岡県,901,33度44分32秒,130度48分14秒
いぬがたけ,犬ヶ岳,大分県 福岡県,1131,33度30分44秒,131度00分06秒
ひこさん,英彦山,福岡県 大分県,1199,33度28分34秒,130度55分34秒
うまみやま,馬見山,福岡県,978,33度29分11秒,130度46分04秒
いぬなきやま（くまがしろ）,犬鳴山（熊ヶ城）,福岡県,584,33度41分14秒,130度32分57秒
さんぐんざん,三郡山,福岡県,936,33度33分20秒,130度35分02秒
きざん,基山,佐賀県,404,33度26分34秒,130度30分37秒
せふりさん,脊振山,福岡県 佐賀県,1055,33度26分11秒,130度22分07秒
うきだけ,浮嶽,福岡県 佐賀県,805,33度28分12秒,130度05分57秒
てんざん,天山,佐賀県,1046,33度20分20秒,130度08分34秒
ふたごさん,両子山,大分県,720,33度34分59秒,131度36分06秒
かならせやま,鹿嵐山,大分県,758,33度26分05秒,131度15分10秒
つるみだけ,鶴見岳,大分県,1375,33度17分12秒,131度25分47秒
ゆふだけ（ぶんごふじ）,由布岳（豊後富士）,大分県,1583,33度16分56秒,131度23分25秒
はねやま,万年山,大分県,1140,33度13分53秒,131度07分50秒
わいたざん,涌蓋山,大分県,1500,33度08分24秒,131度09分52秒
くじゅうれんざん<なかだけ>,くじゅう連山<中岳>,大分県,1791,33度05分09秒,131度14分56秒
くじゅうれんざん<くろだけ>,くじゅう連山<黒岳>,大分県,1587,33度06分20秒,131度17分34秒
くじゅうれんざん<たいせんざん>,くじゅう連山<大船山>,大分県,1786,33度05分42秒,131度16分50秒
くじゅうれんざん<みまたやま>,くじゅう連山<三俣山>,大分県,1744,33度06分14秒,131度14分47秒
くじゅうれんざん<ほっしょうざん>,くじゅう連山<星生山>,大分県,1762,33度05分27秒,131度13分57秒
くじゅうれんざん<くじゅうさん>,くじゅう連山<久住山>,大分県,1787,33度04分56秒,131度14分27秒
あそさん<たかだけ>,阿蘇山<高岳>,熊本県,1592,32度53分04秒,131度06分14秒
あそさん<ねこだけ>,阿蘇山<根子岳（猫岳）>,熊本県,1433,32度53分01秒,131度08分40秒
あそさん<なかだけ>,阿蘇山<中岳>,熊本県,1506,32度53分01秒,131度05分49秒
あそさん<きしまだけ>,阿蘇山<杵島岳>,熊本県,1326,32度53分33秒,131度03分29秒
あそさん<えぼしだけ>,阿蘇山<烏帽子岳>,熊本県,1337,32度52分25秒,131度03分29秒
たかとりやま,鷹取山,福岡県,802,33度18分11秒,130度43分22秒
しゃかだけ,釈迦岳,大分県,1231,33度11分15秒,130度53分21秒
しゅてんどうじやま,酒呑童子山,大分県,1181,33度05分49秒,130度54分30秒
くにみやま,国見山,熊本県,1018,33度06分20秒,130度49分03秒
つつがたけ,筒ヶ岳,熊本県,501,32度59分05秒,130度31分39秒
きんぼうざん,金峰山,熊本県,665,32度48分51秒,130度38分20秒
くろかみざん,黒髪山,佐賀県,516,33度12分50秒,129度54分08秒
くにみやま,国見山,長崎県,776,33度14分13秒,129度48分46秒
こくぞうざん,虚空蔵山,長崎県,609,33度05分26秒,129度55分17秒
たらだけ<きょうがだけ>,多良岳<経ヶ岳>,佐賀県 長崎県,1076,32度59分15秒,130度04分35秒
たらだけ,多良岳,佐賀県,996,32度58分32秒,130度05分34秒
たらだけ<ごかはらだけ>,多良岳<五家原岳>,長崎県,1057,32度57分29秒,130度04分36秒
うんぜんだけ<ふげんだけ>,雲仙岳<普賢岳>,長崎県,1359,32度45分36秒,130度17分32秒
うんぜんだけ<へいせいしんざん>,雲仙岳<平成新山>,長崎県,1483,32度45分41秒,130度17分56秒
ながうらだけ,長浦岳,長崎県,561,32度54分49秒,129度44分41秒
はちろうだけ,八郎岳,長崎県,590,32度40分13秒,129度51分23秒
みたけ<おだけ>,御岳<雄岳>,長崎県,479,34度34分19秒,129度22分54秒
しらたけ,白嶽,長崎県,518,34度15分51秒,129度14分59秒
ありあけやま,有明山,長崎県,558,34度12分16秒,129度15分54秒
やたてやま,矢立山,長崎県,648,34度10分39秒,129度13分34秒
さんのうざん（おだけ）,山王山（雄嶽）,長崎県,439,32度56分00秒,129度03分11秒
ててがたけ,父ヶ岳,長崎県,460,32度41分54秒,128度40分52秒
はいだてさん,佩楯山,大分県,754,32度57分11秒,131度38分45秒
かたむきやま,傾山,大分県,1605,32度50分20秒,131度28分33秒
おおくえやま,大崩山,宮崎県,1644,32度44分16秒,131度30分47秒
むかばきやま,行縢山,宮崎県,830,32度37分33秒,131度34分20秒
そぼさん,祖母山,大分県 宮崎県,1756,32度49分41秒,131度20分49秒
ふるそぼさん,古祖母山,大分県 宮崎県,1633,32度48分10秒,131度21分52秒
もろつかやま,諸塚山,宮崎県,1342,32度38分05秒,131度17分15秒
むこうざかやま,向坂山,熊本県 宮崎県,1685,32度34分47秒,131度06分18秒
くにみだけ,国見岳,熊本県 宮崎県,1739,32度32分50秒,131度01分06秒
かみふくねやま,上福根山,熊本県,1646,32度28分24秒,130度56分49秒
えしろやま（つのだけ）,江代山（津野岳）,熊本県 宮崎県,1607,32度22分14秒,131度04分34秒
いちふさやま,市房山,熊本県 宮崎県,1721,32度18分42秒,131度06分04秒
いしどうやま,石堂山,宮崎県,1547,32度18分01秒,131度10分04秒
おすずやま,尾鈴山,宮崎県,1405,32度17分57秒,131度25分36秒
のけえぼしやま,仰烏帽子山,熊本県,1302,32度22分17秒,130度46分40秒
しらがだけ,白髪岳,熊本県,1417,32度09分01秒,130度56分36秒
くにみやま,国見山,熊本県,969,32度11分16秒,130度36分51秒
やはずだけ,矢筈岳,熊本県 鹿児島県,687,32度07分22秒,130度24分02秒
しびさん（じょうぐさん）,紫尾山（上宮山）,鹿児島県,1067,31度58分51秒,130度22分03秒
わにつかやま,鰐塚山,宮崎県,1118,31度46分08秒,131度16分10秒
きりしまやま<からくにだけ>,霧島山<韓国岳>,宮崎県 鹿児島県,1700,31度56分03秒,130度51分42秒
きりしまやま<しんもえだけ>,霧島山<新燃岳>,宮崎県 鹿児島県,1421,31度54分34秒,130度53分11秒
きりしまやま<たかちほのみね>,霧島山<高千穂峰>,宮崎県,1574,31度53分11秒,130度55分08秒
たかくまやま<おおのがらだけ>,高隈山<大箆柄岳>,鹿児島県,1236,31度29分10秒,130度49分07秒
たかくまやま<おんたけ>,高隈山<御岳>,鹿児島県,1182,31度27分37秒,130度49分14秒
ほよしだけ,甫与志岳,鹿児島県,967,31度15分51秒,130度59分24秒
いなおだけ,稲尾岳,鹿児島県,930,31度07分24秒,130度53分05秒
おんたけ（きただけ）,御岳（北岳）,鹿児島県,1117,31度35分33秒,130度39分24秒
やえやま,八重山,鹿児島県,677,31度44分04秒,130度26分54秒
かんむりだけ（にしだけ）,冠岳（西岳）,鹿児島県,516,31度44分55秒,130度19分52秒
くまがたけ,熊ヶ岳,鹿児島県,590,31度27分19秒,130度27分50秒
きんぽうざん,金峯山,鹿児島県,636,31度28分04秒,130度22分59秒
のまだけ,野間岳,鹿児島県,591,31度24分16秒,130度09分30秒
かいもんだけ,開聞岳,鹿児島県,924,31度10分48秒,130度31分42秒
くらだけ,倉岳,熊本県,682,32度25分40秒,130度19分37秒
かどやま,角山,熊本県,526,32度23分58秒,130度05分38秒
おたけ,尾岳,鹿児島県,604,31度43分23秒,129度44分22秒
あまめがくら,天女ヶ倉,鹿児島県,238,30度44分37秒,131度03分12秒
いおうだけ,硫黄岳,鹿児島県,704,30度47分35秒,130度18分19秒
やぐらだけ,櫓岳,鹿児島県,620,30度49分42秒,129度56分15秒
ふるだけ,古岳,鹿児島県,657,30度26分36秒,130度13分02秒
みやのうらだけ,宮之浦岳,鹿児島県,1936,30度20分10秒,130度30分15秒
ながただけ,永田岳,鹿児島県,1886,30度20分34秒,130度29分33秒
もっちょむだけ,モッチョム岳,鹿児島県,940,30度15分24秒,130度33分51秒
まえだけ,前岳,鹿児島県,628,29度58分05秒,129度55分32秒
おんたけ,御岳,鹿児島県,979,29度51分33秒,129度51分25秒
おたけ,御岳,鹿児島県,497,29度54分11秒,129度32分30秒
おたけ,御岳,鹿児島県,796,29度38分18秒,129度42分50秒
みたけ,御岳,鹿児島県,584,29度27分54秒,129度35分41秒
いまきらだけ,イマキラ岳,鹿児島県,292,29度08分40秒,129度12分29秒
[よこあてじま],[横当島],鹿児島県,495,28度48分03秒,128度59分41秒
ゆわんだけ,湯湾岳,鹿児島県,694,28度17分46秒,129度19分16秒
いのかわだけ,井之川岳,鹿児島県,645,27度46分43秒,128度58分59秒
おおやま,大山,鹿児島県,240,27度22分09秒,128度34分00秒
よなはだけ,与那覇岳,沖縄県,503,26度43分01秒,128度13分07秒
やえだけ,八重岳,沖縄県,453,26度38分08秒,127度55分42秒
おんなだけ,恩納岳,沖縄県,363,26度28分46秒,127度52分29秒
おもとだけ,於茂登岳,沖縄県,526,24度25分38秒,124度11分00秒
こみだけ,古見岳,沖縄県,469,24度21分33秒,123度53分28秒
うらぶだけ,宇良部岳,沖縄県,231,24度27分10秒,123度00分20秒